title,source,thumbnail,timestamp,sector,sub_sector,tags,symbols,dimension
"United Tractors shares fall 3.68% to Rp 22,925 as foreign investors net buy and broker MNC Sekuritas issues buy recommendation",https://investor.id/stock/440916/saham-pbv-di-bawah-1-diserok-harga-diramal-ke-rp-25000an,https://img2.beritasatu.com/cache/investor/253x142-2/2025/11/1763830983-881x517.webp,2026-05-30 14:58:46,industrials,"['industrial-goods', 'multi-sector-holdings']","['Analyst Ratings', 'Financial Metrics', 'Foreign Investment', 'Commodities', 'Bearish']","['UNTR.JK', 'ASII.JK']","{'future': 1, 'dividend': 0, 'ownership': 0, 'technical': 2, 'valuation': 2, 'financials': 1, 'management': 0, 'sustainability': 0}"
"Indonesia's IHSG slips 0.56% to 6,127.38 amid global and domestic pressures",https://investasi.kontan.co.id/news/ihsg-berpotensi-lanjutkan-koreksi-di-awal-juni-cek-saham-rekomendasi-analis,https://foto.kontan.co.id/2YcJUK_BWUu2lWMNaKHeQe-eMYg=/smart/2025/11/13/422105009t.jpg,2026-05-30 23:59:59,energy,"['oil-gas-coal', 'industrial-goods', 'nondurable-household-products']","['Analyst Ratings', 'Currency & FX', 'Market Sentiment', 'Politics & Regulation']","['DEWA.JK', 'UNTR.JK', 'UNVR.JK']","{'future': 2, 'dividend': 0, 'ownership': 0, 'technical': 0, 'valuation': 0, 'financials': 0, 'management': 0, 'sustainability': 0}"
"DEWA, UNTR, and UNVR highlighted as key stocks as IHSG edges lower",https://investasi.kontan.co.id/news/ihsg-berpotensi-terkoreksi-pekan-depan-simak-rekomendasi-saham-berikut,https://foto.kontan.co.id/-L1tzCowvKSQKAVR7Jr9p8Kmelk=/smart/2026/05/04/1876828663t.jpg,2026-05-30 23:59:59,energy,"['oil-gas-coal', 'industrial-goods', 'nondurable-household-products']","['Market Sentiment', 'Currency & FX', 'Global Economy']","['DEWA.JK', 'UNTR.JK', 'UNVR.JK']","{'future': 1, 'dividend': 0, 'ownership': 0, 'technical': 0, 'valuation': 0, 'financials': 0, 'management': 0, 'sustainability': 0}"
PT United Tractors Tbk cuts 2026 targets as capex is slashed and profit outlook weakens,https://investasi.kontan.co.id/news/untr-hadapi-tekanan-kinerja-pada-2026-cek-rekomendasi-sahamnya,https://foto.kontan.co.id/gU0kIo4KfdIUS_FO_UiCjFvDorQ=/smart/2024/07/30/1377825629t.jpg,2026-06-01 23:59:59,industrials,"['industrial-goods', 'investment-service']","['Analyst Ratings', 'Capital & Funding', 'Financial Metrics', 'Commodities', 'Bearish']","['UNTR.JK', 'YULE.JK', 'RELI.JK']","{'future': 2, 'dividend': 0, 'ownership': 0, 'technical': 0, 'valuation': 0, 'financials': 2, 'management': 0, 'sustainability': 0}"
PT United Tractors Tbk faces 2026 earnings pressure after operational target cuts and 27% capex reduction,https://investasi.kontan.co.id/news/untr-pangkas-capex-dan-revisi-target-simak-rekomendasi-sahamnya,https://foto.kontan.co.id/gU0kIo4KfdIUS_FO_UiCjFvDorQ=/smart/2024/07/30/1377825629t.jpg,2026-06-03 23:59:59,industrials,"['industrial-goods', 'investment-service']","['Analyst Ratings', 'Capital & Funding', 'Financial Metrics', 'Bearish']","['UNTR.JK', 'YULE.JK']","{'future': 2, 'dividend': 0, 'ownership': 0, 'technical': 0, 'valuation': 2, 'financials': 2, 'management': 0, 'sustainability': 0}"
"United Tractors shares rise 2.27% to Rp 22,500 as MNC Sekuritas recommends Buy on Weakness with targets up to Rp 24,850",https://investor.id/market/444186/saham-pbv-di-bawah-1-diramal-ke-rp-24000an,https://img2.beritasatu.com/cache/investor/253x142-2/2023/10/1697978892-1024x570.webp,2026-06-26 07:49:36,industrials,"['industrial-goods', 'multi-sector-holdings']","['Analyst Ratings', 'Foreign Investment', 'Subsidiaries', 'Bullish']","['UNTR.JK', 'ASII.JK']","{'future': 1, 'dividend': 0, 'ownership': 0, 'technical': 0, 'valuation': 2, 'financials': 0, 'management': 0, 'sustainability': 0}"
United Tractors expands non‑coal mineral exposure with Nickel Industries’ HPAL smelter stakes and $70 million loan to Agincourt Resources,https://investasi.kontan.co.id/news/united-tractors-untr-terus-memperkuat-lini-usaha-mineral-non-batubara,https://foto.kontan.co.id/rL9mO94KcOeGp74tMSzON6ZwaTQ=/smart/2025/09/03/1680158180t.jpg,2026-06-26 18:26:00,industrials,['industrial-goods'],"['Business Expansion', 'Asset Purchase', 'Capital & Funding', 'Commodities', 'Analyst Ratings', 'Bullish']",['UNTR.JK'],"{'future': 2, 'dividend': 0, 'ownership': 0, 'technical': 0, 'valuation': 1, 'financials': 0, 'management': 0, 'sustainability': 0}"
"President Commissioner of PT United Tractors Tbk buys 500,000 PT Astra International Tbk shares for Rp2.32 billion",https://www.idnfinancials.com/id/news/65359/presiden-komisaris-untr-borong-saham-asii-habiskan-rp2-32-miliar,https://photos.idnfinancials.com/static/web/_DESIGN%20GRAFIS/ARTIKEL%20IMAGE%20%28ARIF%29/ASII-UNTR.jpg,2026-06-29 19:05:00,industrials,['multi-sector-holdings'],"['Ownership', 'Stock Buyback', 'Shareholders General Meeting', 'Bullish']",['ASII.JK'],"{'future': 1, 'dividend': 0, 'ownership': 0, 'technical': 0, 'valuation': 0, 'financials': 0, 'management': 1, 'sustainability': 0}"
"United Tractors' Komatsu sales drop 28.05% in Jan‑May 2026, target cut to 4,000 units",https://market.bisnis.com/read/20260630/192/1984345/united-tractors-untr-jual-1690-komatsu-hingga-mei-2026-turun-2805,https://images.bisnis.com/thumb/posts/2026/06/30/1984345/13092023-bi-hil-21-ut-6_1725021759.jpg?w=368&h=208,2026-06-30 11:25:00,industrials,['industrial-goods'],"['Financial Metrics', 'Production & Operations', 'Commodities', 'Bearish']",['UNTR.JK'],"{'future': 2, 'dividend': 0, 'ownership': 0, 'technical': 0, 'valuation': 0, 'financials': 2, 'management': 0, 'sustainability': 0}"
United Tractors announces up to Rp2 trillion share buyback program,https://investor.id/market/444816/saham-pbv-di-bawah-1-mau-diborong-triliunan,https://img2.beritasatu.com/cache/investor/253x142-2/2023/10/1697978892-1024x570.webp,2026-07-01 08:11:40,industrials,['industrial-goods'],"['Stock Buyback', 'Capital & Funding', 'Bullish']",['UNTR.JK'],"{'future': 2, 'dividend': 0, 'ownership': 0, 'technical': 0, 'valuation': 0, 'financials': 0, 'management': 0, 'sustainability': 0}"
"United Tractors Executes Rp2 Trillion Share Buyback Starting July 1, 2026",https://emitennews.com/news/hari-ini-untr-eksekusi-buyback-rp2-triliun,https://ap-south-1.linodeobjects.com/emitennews-02/uploads/news/thumb_1782869033.jpg?25119ab,2026-07-01 08:23:00,industrials,['industrial-goods'],"['Stock Buyback', 'Capital & Funding', 'Market Sentiment', 'Bullish']",['UNTR.JK'],"{'future': 1, 'dividend': 0, 'ownership': 0, 'technical': 0, 'valuation': 0, 'financials': 0, 'management': 0, 'sustainability': 0}"
United Tractors Tbk prepares Rp 2 trillion for share buyback program starting July 2026,https://investasi.kontan.co.id/news/dana-rp-2-triliun-disiapkan-untr-potensi-kenaikan-harga-saham,https://foto.kontan.co.id/gU0kIo4KfdIUS_FO_UiCjFvDorQ=/smart/2024/07/30/1377825629t.jpg,2026-07-01 10:00:00,industrials,['industrial-goods'],"['Stock Buyback', 'Capital & Funding', 'Bullish']",['UNTR.JK'],"{'future': 1, 'dividend': 0, 'ownership': 1, 'technical': 0, 'valuation': 1, 'financials': 0, 'management': 0, 'sustainability': 0}"
PT United Tractors Tbk announces up to Rp2 trillion share buyback program through September 2026,https://www.idnfinancials.com/id/news/65446/united-tractors-kembali-buyback-saham-rp2-triliun,https://photos.idnfinancials.com/static/web/_DESIGN%20GRAFIS/ARTIKEL%20IMAGE%20%28ARIF%29/UNTR-22012026.jpg,2026-07-01 10:10:00,industrials,['industrial-goods'],"['Stock Buyback', 'Capital & Funding', 'Government Policy', 'Financial Metrics', 'Bullish']",['UNTR.JK'],"{'future': 1, 'dividend': 0, 'ownership': 0, 'technical': 0, 'valuation': 2, 'financials': 2, 'management': 0, 'sustainability': 0}"
"IHSG volatile as BREN, TLKM and BRPT lead gains while United Tractors launches buyback and Erajaya declares dividend",https://www.cnbcindonesia.com/market/20260702082514-17-747378/ihsg-masih-volatil-deretan-saham-ini-menarik-buat-dilirik,https://akcdn.detik.net.id/visual/2026/07/02/market-1782955514-1782955514798_43.jpeg?w=200&q=90,2026-07-02 09:33:32,infrastructures,"['utilities', 'telecommunication', 'basic-materials', 'banks', 'food-beverage', 'industrial-goods', 'retailing']","['Stock Buyback', 'Dividend Announcement', 'Foreign Investment', 'Bullish']","['BREN.JK', 'TLKM.JK', 'BRPT.JK', 'BBRI.JK', 'BMRI.JK', 'CPIN.JK', 'NCKL.JK', 'UNTR.JK', 'ERAA.JK']","{'future': 2, 'dividend': 0, 'ownership': 0, 'technical': 0, 'valuation': 0, 'financials': 0, 'management': 0, 'sustainability': 0}"
"Technical stock recommendations for Friday, 3 July: PT Astra International Tbk, PT Pakuwon Jati Tbk, and PT United Tractors Tbk",https://investasi.kontan.co.id/news/simak-rekomendasi-saham-teknikal-untuk-jumat-37-asii-pwon-untr,https://foto.kontan.co.id/8txA4Hz-qkKxF0HDNs7kZG1jyyo=/smart/2025/05/09/1153526562t.jpg,2026-07-02 18:39:00,industrials,"['multi-sector-holdings', 'properties-real-estate', 'industrial-goods']","['Analyst Ratings', 'Market Sentiment', 'Bullish']","['ASII.JK', 'PWON.JK', 'UNTR.JK']","{'future': 0, 'dividend': 0, 'ownership': 0, 'technical': 2, 'valuation': 0, 'financials': 0, 'management': 0, 'sustainability': 0}"
"IHSG rebounds to 5,744.55, spotlighting foreign investors' biggest net‑buy stocks",https://investasi.kontan.co.id/news/ihsg-kembali-menguat-ke-5744-intip-saham-net-buy-terbesar-asing-kamis-27,https://foto.kontan.co.id/IP-smggnV8MN5HO3KZIKpQkJ7Jg=/smart/2026/04/13/1268065458t.jpg,2026-07-02 20:54:00,financials,"['banks', 'oil-gas-coal', 'basic-materials', 'food-beverage', 'industrial-goods', 'software-it-services']","['Foreign Investment', 'Market Sentiment', 'Bullish']","['BBCA.JK', 'ENRG.JK', 'TPIA.JK', 'BMRI.JK', 'BRPT.JK', 'ANTM.JK', 'BBNI.JK', 'ICBP.JK', 'UNTR.JK', 'WIFI.JK']","{'future': 0, 'dividend': 0, 'ownership': 0, 'technical': 0, 'valuation': 0, 'financials': 0, 'management': 0, 'sustainability': 0}"
"Weekly Top 10 IHSG Supporting Stocks: AMMN, DCII and BREN Lead",https://market.bisnis.com/read/20260705/7/1985593/10-saham-penopang-ihsg-sepekan-ammn-dcii-hingga-bren-pimpin-top-leaders,https://images.bisnis.com/thumb/posts/2026/07/05/1985593/03032026-bi-hil-21-ihsg-13_1772596588.jpg?w=368&h=208,2026-07-05 08:06:00,basic-materials,"['basic-materials', 'software-it-services', 'industrial-goods', 'properties-real-estate', 'telecommunication', 'oil-gas-coal', 'utilities', 'multi-sector-holdings']",['Foreign Investment'],"['AMMN.JK', 'DCII.JK', 'ANTM.JK', 'IMPC.JK', 'UNTR.JK', 'MPRO.JK', 'ISAT.JK', 'CUAN.JK', 'BREN.JK', 'ASII.JK']","{'future': 0, 'dividend': 0, 'ownership': 0, 'technical': 0, 'valuation': 0, 'financials': 0, 'management': 0, 'sustainability': 0}"
"IHSG slides to 5,934 as S&P Dow Jones Indices watchlist pressures market",https://investasi.kontan.co.id/news/ihsg-turun-ke-level-5934-di-awal-sesi-rabu-87-watchlist-sp-dji-membebani-pasar,https://foto.kontan.co.id/YDyiNGhqDK1Sx9q4PPAYWajvrcU=/smart/2026/04/28/504034253t.jpg,2026-07-08 09:32:00,technology,"['software-it-services', 'basic-materials', 'oil-gas-coal', 'telecommunication', 'industrial-goods']","['Global Index', 'Market Sentiment', 'Politics & Regulation']","['WIFI.JK', 'AMMN.JK', 'SMGR.JK', 'MEDC.JK', 'TLKM.JK', 'UNTR.JK']","{'future': 1, 'dividend': 0, 'ownership': 1, 'technical': 1, 'valuation': 0, 'financials': 0, 'management': 0, 'sustainability': 0}"
"IHSG drops 1.11% to 5,920 in morning session, with SMGR, BRPT and CUAN leading losses",https://investasi.kontan.co.id/news/ihsg-jatuh-111-ke-5920-sesi-i-rabu-87-top-losers-saham-smgr-brpt-cuan,https://foto.kontan.co.id/c-JISPbUJbkMf2NxZLhoW96DuOo=/smart/2026/03/03/1624793042t.jpg,2026-07-08 12:36:00,basic-materials,"['basic-materials', 'oil-gas-coal', 'utilities', 'industrial-goods']","['Market Sentiment', 'Global Index', 'Foreign Investment', 'Bearish']","['SMGR.JK', 'BRPT.JK', 'CUAN.JK', 'PGEO.JK', 'AKRA.JK', 'UNTR.JK']","{'future': 0, 'dividend': 0, 'ownership': 0, 'technical': 1, 'valuation': 0, 'financials': 0, 'management': 0, 'sustainability': 0}"
LQ45 stocks with the lowest and highest PER on 8 July 2026 saw most shares close lower,https://investasi.kontan.co.id/news/daftar-saham-per-terendah-tertinggi-lq45-8-juli-2026-mayoritas-kompak-merah,https://foto.kontan.co.id/bo-VBE6dQ9f32-jcYzty62hNZG4=/smart/2026/05/04/789655167t.jpg,2026-07-09 05:58:00,consumer-non-cyclicals,"['food-beverage', 'oil-gas-coal', 'basic-materials', 'banks', 'industrial-goods', 'software-it-services']","['Financial Metrics', 'Foreign Investment', 'Market Sentiment', 'Bearish']","['JPFA.JK', 'CUAN.JK', 'PGAS.JK', 'ANTM.JK', 'BBNI.JK', 'SMGR.JK', 'UNTR.JK', 'GOTO.JK']","{'future': 0, 'dividend': 0, 'ownership': 0, 'technical': 2, 'valuation': 2, 'financials': 0, 'management': 0, 'sustainability': 0}"
IHSG Direction Today and Market Stock Picks,https://www.bloombergtechnoz.com/detail-news/114419/simak-arah-ihsg-hari-ini-dan-saham-pilihan-pasar,https://images.bloombergtechnoz.com/data/2026/06/image-20260604121604.jpeg,2026-07-09 09:40:00,energy,"['oil-gas-coal', 'utilities', 'industrial-goods', 'food-beverage', 'telecommunication', 'properties-real-estate', 'basic-materials']",['Analyst Ratings'],"['AKRA.JK', 'ELSA.JK', 'PGAS.JK', 'PGEO.JK', 'UNTR.JK', 'ITMG.JK', 'AALI.JK', 'MEDC.JK', 'TLKM.JK', 'BKSL.JK', 'PSAB.JK']","{'future': 0, 'dividend': 0, 'ownership': 0, 'technical': 0, 'valuation': 0, 'financials': 0, 'management': 0, 'sustainability': 0}"
"List of LQ45 stocks with the lowest and highest PER on 9 July 2026, highlighting strong gains in DEWA and BRPT",https://investasi.kontan.co.id/news/daftar-saham-per-terendah-tertinggi-lq45-9-juli-2026-dewa-dan-brpt-jadi-sorotan,https://foto.kontan.co.id/zmlw5FwkEqE8sH6Zz4EsMvbKyvg=/smart/2025/02/17/1453092381t.jpg,2026-07-10 06:25:00,energy,"['oil-gas-coal', 'basic-materials', 'software-it-services', 'industrial-goods']","['Financial Metrics', 'Foreign Investment', 'Market Sentiment', 'Bullish']","['DEWA.JK', 'BRPT.JK', 'ANTM.JK', 'BUMI.JK', 'INCO.JK', 'GOTO.JK', 'UNTR.JK', 'SMGR.JK', 'MBMA.JK', 'AMMN.JK', 'MDKA.JK']","{'future': 0, 'dividend': 0, 'ownership': 0, 'technical': 2, 'valuation': 1, 'financials': 0, 'management': 0, 'sustainability': 0}"
"RANS Entertainment Indonesia shares plunge 10.5% as Indonesia Composite Index climbs above 6,000",https://emitennews.com/news/harga-saham-rans-anjlok-drastis-saat-ihsg-melesat-balik-ke-level-6000,https://ap-south-1.linodeobjects.com/emitennews-02/uploads/news/thumb_1783937313.webp?25119ab,2026-07-13 17:03:00,consumer-cyclicals,"['media-entertainment', 'banks', 'basic-materials', 'industrial-goods']","['Market Sentiment', 'Bearish']","['FILM.JK', 'BBCA.JK', 'BBRI.JK', 'BMRI.JK', 'BRPT.JK', 'AMMN.JK', 'UNTR.JK']","{'future': 0, 'dividend': 0, 'ownership': 0, 'technical': 2, 'valuation': 2, 'financials': 0, 'management': 0, 'sustainability': 0}"
Indo Premier Sekuritas raises automotive sector recommendation to Overweight ahead of GIIAS,https://investasi.kontan.co.id/news/jelang-giias-sektor-otomotif-mulai-bangkit-indo-premier-kerek-rekomendasi-overweight,https://foto.kontan.co.id/NxYb0pKe9ao5aULWQCrxOvNJb7A=/smart/2021/11/16/2055024880t.jpg,2026-07-14 11:35:00,industrials,"['multi-sector-holdings', 'industrial-goods']","['Analyst Ratings', 'Risk & Compliance', 'Bullish']","['ASII.JK', 'UNTR.JK']","{'future': 1, 'dividend': 0, 'ownership': 0, 'technical': 0, 'valuation': 1, 'financials': 0, 'management': 0, 'sustainability': 0}"
"PT Astra International Tbk’s car sales rise 10% YoY, analyst recommends buying the stock",https://investasi.kontan.co.id/news/penjualan-mobil-astra-international-asii-tumbuh-ini-rekomendasinya,https://foto.kontan.co.id/GyG_cv0brfHmRxX8K_XE4yRXmt4=/smart/2024/10/31/614912870t.jpg,2026-07-14 18:21:00,industrials,"['multi-sector-holdings', 'industrial-goods']","['Analyst Ratings', 'Financial Metrics', 'Interest Rate', 'Business Expansion', 'Bullish']","['ASII.JK', 'UNTR.JK']","{'future': 1, 'dividend': 0, 'ownership': 0, 'technical': 0, 'valuation': 0, 'financials': 2, 'management': 0, 'sustainability': 0}"
"Astra International's stock outlook stays positive, supported by automotive market recovery",https://investasi.kontan.co.id/news/prospek-saham-astra-asii-masih-positif-ditopang-pemulihan-otomotif,https://foto.kontan.co.id/u1VJVp4ortxYTVidHDRZLhbDnK8=/smart/2022/02/25/1515295189t.jpg,2026-07-14 21:37:00,industrials,"['multi-sector-holdings', 'industrial-goods']","['Analyst Ratings', 'Market Sentiment', 'Financial Metrics', 'Bullish']","['ASII.JK', 'UNTR.JK']","{'future': 1, 'dividend': 0, 'ownership': 0, 'technical': 0, 'valuation': 0, 'financials': 2, 'management': 0, 'sustainability': 0}"
Analyst projects continued positive performance for PT Astra International Tbk to 2026 and issues a buy‑on‑weakness recommendation,https://investasi.kontan.co.id/news/prospek-kinerja-astra-international-asii-masih-cerah-cek-rekomendasi-analis,https://foto.kontan.co.id/zu42Dzc7FCIm9t5eVhuWOoLqeaQ=/smart/2021/06/17/1811460084t.jpg,2026-07-15 04:35:00,industrials,"['multi-sector-holdings', 'industrial-goods']","['Analyst Ratings', 'Financial Metrics', 'Interest Rate', 'Currency & FX', 'Market Sentiment', 'Bullish']","['ASII.JK', 'UNTR.JK']","{'future': 2, 'dividend': 0, 'ownership': 0, 'technical': 1, 'valuation': 0, 'financials': 0, 'management': 0, 'sustainability': 0}"
"LQ45 stocks on 14 July 2026 show lowest and highest PERs, with Barito Pacific and United Tractors highlighted",https://investasi.kontan.co.id/news/daftar-saham-per-terendah-tertinggi-lq45-14-juli-2026-brpt-dan-untr-jadi-sorotan,https://foto.kontan.co.id/c-JISPbUJbkMf2NxZLhoW96DuOo=/smart/2026/03/03/1624793042t.jpg,2026-07-15 05:18:00,basic-materials,"['basic-materials', 'industrial-goods', 'apparel-luxury-goods', 'oil-gas-coal']","['Foreign Investment', 'Financial Metrics', 'Neutral']","['BRPT.JK', 'UNTR.JK', 'AMMN.JK', 'INCO.JK', 'HRTA.JK', 'SMGR.JK', 'INKP.JK', 'BUMI.JK', 'PGAS.JK']","{'future': 0, 'dividend': 0, 'ownership': 0, 'technical': 2, 'valuation': 1, 'financials': 0, 'management': 0, 'sustainability': 0}"
UBS Sekuritas dominates buying and selling activity among blue‑chip stocks on 17 July 2026,https://investasi.kontan.co.id/news/daftar-broker-pembeli-penjual-blue-chip-17-juli-2026-ubs-sekuritas-disorot,https://foto.kontan.co.id/bo-VBE6dQ9f32-jcYzty62hNZG4=/smart/2026/05/04/789655167t.jpg,2026-07-18 06:44:00,financials,"['banks', 'telecommunication', 'industrial-goods', 'food-beverage', 'basic-materials', 'multi-sector-holdings']",['Foreign Investment'],"['BBCA.JK', 'TLKM.JK', 'BBNI.JK', 'UNTR.JK', 'ICBP.JK', 'BBRI.JK', 'BMRI.JK', 'AMMN.JK', 'ASII.JK', 'BRPT.JK']","{'future': 0, 'dividend': 0, 'ownership': 0, 'technical': 0, 'valuation': 0, 'financials': 0, 'management': 0, 'sustainability': 0}"
"Technical buy and hold recommendations for BREN, ACES, and UNTR ahead of Thursday trading (23 July)",https://investasi.kontan.co.id/news/simak-rekomendasi-teknikal-saham-bren-aces-dan-untr-untuk-kamis-237,https://foto.kontan.co.id/s4Q18Xy5T18Tf5sFlGX-gyzDOY4=/smart/2018/04/04/1560434673t.jpg,2026-07-22 18:13:00,infrastructures,"['utilities', 'retailing', 'industrial-goods']","['Analyst Ratings', 'Market Sentiment']","['BREN.JK', 'ACES.JK', 'UNTR.JK']","{'future': 0, 'dividend': 0, 'ownership': 0, 'technical': 2, 'valuation': 0, 'financials': 0, 'management': 0, 'sustainability': 0}"
Stock Recommendations and IHSG Movement for 23 July 2026,https://market.bisnis.com/read/20260723/7/1990303/rekomendasi-saham-dan-pergerakan-ihsg-hari-ini-23-juli-2026,https://images.bisnis.com/thumb/posts/2026/07/23/1990303/07072026-BI-HIL-21-IHSG-42_1783426950.jpg?w=368&h=208,2026-07-23 08:30:00,basic-materials,"['basic-materials', 'industrial-goods', 'oil-gas-coal', 'pharmaceuticals-health-care-research', 'software-it-services', 'telecommunication', 'apparel-luxury-goods', 'food-beverage', 'automobiles-components']","['Analyst Ratings', 'Neutral']","['AMMN.JK', 'UNTR.JK', 'CUAN.JK', 'KLBF.JK', 'EMTK.JK', 'TLKM.JK', 'HRTA.JK', 'MEDC.JK', 'CPIN.JK', 'AADI.JK', 'PTBA.JK', 'VKTR.JK']","{'future': 0, 'dividend': 0, 'ownership': 0, 'technical': 2, 'valuation': 0, 'financials': 0, 'management': 0, 'sustainability': 0}"
"Top 10 weekly laggards, led by BMRI, BBCA and ASII, weigh on Indonesia's IHSG",https://market.bisnis.com/read/20260726/7/1991076/daftar-10-top-laggards-sepekan-bmri-bbca-hingga-asii-jadi-pemberat-utama-ihsg,https://images.bisnis.com/thumb/posts/2026/07/26/1991076/12072026-BI-HIL-21-IHSG-25_1783865476.jpg?w=368&h=208,2026-07-26 08:10:00,financials,"['banks', 'multi-sector-holdings', 'software-it-services', 'industrial-goods', 'media-entertainment', 'telecommunication', 'consumer-services']","['Market Sentiment', 'Foreign Investment', 'Bearish']","['BMRI.JK', 'BBCA.JK', 'ASII.JK', 'DCII.JK', 'UNTR.JK', 'MSIN.JK', 'GHON.JK', 'TLKM.JK', 'FILM.JK', 'EXCL.JK', 'BUVA.JK']","{'future': 0, 'dividend': 0, 'ownership': 0, 'technical': 2, 'valuation': 0, 'financials': 0, 'management': 0, 'sustainability': 0}"
Indo Premier Sekuritas forecasts PT Astra International core net profit of Rp13.5 trillion for H1 2026,https://market.bisnis.com/read/20260727/192/1991373/astra-asii-diprediksi-kantongi-laba-inti-rp135-triliun-semester-i2026,https://images.bisnis.com/thumb/posts/2026/07/27/1991373/160620-bi-nh-15-gedung_astra_2_1724940211.jpg?w=368&h=208,2026-07-27 14:50:00,industrials,"['multi-sector-holdings', 'industrial-goods', 'automobiles-components', 'food-beverage']","['Analyst Ratings', 'Financial Metrics', 'Stock Buyback', 'Bullish']","['ASII.JK', 'UNTR.JK', 'AUTO.JK', 'AALI.JK']","{'future': 2, 'dividend': 0, 'ownership': 0, 'technical': 0, 'valuation': 0, 'financials': 0, 'management': 0, 'sustainability': 0}"
United Tractors posts 15% lower H1 2026 revenue and 88% plunge in profit attributable to shareholders,https://emitennews.com/news/memburuk-ini-performa-keuangan-untr-paruh-i-2026,https://ap-south-1.linodeobjects.com/emitennews-02/uploads/news/thumb_1785375036.jpg?25119ab,2026-07-30 08:32:00,industrials,['industrial-goods'],"['Financial Metrics', 'Stock Buyback', 'Mergers & Acquisitions', 'Capital & Funding', 'Bearish']",['UNTR.JK'],"{'future': 0, 'dividend': 0, 'ownership': 0, 'technical': 0, 'valuation': 0, 'financials': 2, 'management': 0, 'sustainability': 0}"
PT United Tractors Tbk net profit drops 88% in first half of 2026,https://www.bloombergtechnoz.com/detail-news/116663/laba-united-tractors-untr-anjlok-88-di-semester-i-2026,https://images.bloombergtechnoz.com/data/2025/03/image-20250311201332.jpg,2026-07-30 10:05:00,industrials,['industrial-goods'],"['Financial Metrics', 'Stock Buyback', 'Asset Purchase', 'Capital & Funding', 'Bearish']",['UNTR.JK'],"{'future': 0, 'dividend': 0, 'ownership': 0, 'technical': 0, 'valuation': 0, 'financials': 2, 'management': 0, 'sustainability': 0}"
United Tractors (UNTR) reports revenue of Rp58.3 trillion for the first half of 2026,https://market.bisnis.com/read/20260730/192/1992254/united-tractors-untr-cetak-pendapatan-rp583-triliun-semester-i2026,https://images.bisnis.com/thumb/posts/2026/07/30/1992254/13092023-bi-hil-21-ut-6_1725021759.jpg?w=368&h=208,2026-07-30 10:21:00,industrials,['industrial-goods'],"['Financial Metrics', 'Stock Buyback', 'Asset Purchase', 'Mergers & Acquisitions', 'Capital & Funding', 'Bearish']",['UNTR.JK'],"{'future': 0, 'dividend': 0, 'ownership': 0, 'technical': 0, 'valuation': 0, 'financials': 2, 'management': 0, 'sustainability': 0}"
PT United Tractors Tbk reports 15% revenue decline and 48% net profit drop in H1 2026,https://investasi.kontan.co.id/news/pendapatan-dan-laba-bersih-united-tractors-untr-turun-pada-semester-i-2026,https://foto.kontan.co.id/gU0kIo4KfdIUS_FO_UiCjFvDorQ=/smart/2024/07/30/1377825629t.jpg,2026-07-30 10:36:00,industrials,['industrial-goods'],"['Financial Metrics', 'Commodities', 'Bearish']",['UNTR.JK'],"{'future': 0, 'dividend': 0, 'ownership': 0, 'technical': 0, 'valuation': 0, 'financials': 2, 'management': 0, 'sustainability': 0}"
United Tractors posts 48% YoY decline in H1 2026 net profit as revenue falls 15%,https://investor.id/market/448434/potret-laba-united-tractorsuntr,https://img2.beritasatu.com/cache/investor/253x142-2/2025/07/1753142022-921x631.webp,2026-07-30 10:57:33,industrials,['industrial-goods'],"['Financial Metrics', 'Stock Buyback', 'Bearish']",['UNTR.JK'],"{'future': 0, 'dividend': 0, 'ownership': 0, 'technical': 0, 'valuation': 0, 'financials': 2, 'management': 0, 'sustainability': 0}"
"United Tractors reports Rp58.3 trillion revenue for H1 2026, down 15% YoY",https://www.antaranews.com/berita/5672283/united-tractors-cetak-pendapatan-rp583-triliun-di-semester-i-2026,https://cdn.antaranews.com/cache/350x233/2026/04/16/1000566369_1.jpg,2026-07-30 12:29:00,industrials,"['industrial-goods', 'multi-sector-holdings']","['Financial Metrics', 'Stock Buyback', 'Commodities', 'Currency & FX', 'Capital & Funding', 'Bearish']","['UNTR.JK', 'ASII.JK']","{'future': 0, 'dividend': 0, 'ownership': 0, 'technical': 0, 'valuation': 0, 'financials': 2, 'management': 0, 'sustainability': 0}"
United Tractors' Net Profit Plummets 88% as 2026 RKAB Coal Allocation Cuts Hit Sales,https://www.bloombergtechnoz.com/detail-news/116760/united-tractors-terpukul-kebijakan-rkab-tambang,https://images.bloombergtechnoz.com/data/2025/03/image-20250311201938.jpg,2026-07-30 18:10:00,industrials,['industrial-goods'],"['Financial Metrics', 'Government Policy', 'Commodities', 'Bearish']",['UNTR.JK'],"{'future': 1, 'dividend': 0, 'ownership': 0, 'technical': 0, 'valuation': 0, 'financials': 2, 'management': 0, 'sustainability': 0}"
PT Astra International Tbk reports H1 2026 revenue of Rp 157.9 trillion and net profit of Rp 12.5 trillion,https://investor.id/market/448509/astra-asii-raup-pendapatan-rp-1579-t-dan-laba-rp-125-t,https://img2.beritasatu.com/cache/investor/253x142-2/2024/02/1707596075-1076x574.webp,2026-07-30 18:49:27,industrials,"['multi-sector-holdings', 'industrial-goods']","['Financial Metrics', 'Stock Buyback', 'Mergers & Acquisitions', 'Capital & Funding', 'Bearish']","['ASII.JK', 'UNTR.JK']","{'future': 1, 'dividend': 0, 'ownership': 0, 'technical': 0, 'valuation': 0, 'financials': 2, 'management': 0, 'sustainability': 0}"
"Astra International posts Rp12.53 trillion net profit in H1 2026, announces up‑to‑Rp8 trillion share buyback",https://market.bisnis.com/read/20260730/192/1992424/astra-asii-mampu-cetak-laba-rp1253-triliun-di-semester-i2026,https://images.bisnis.com/thumb/posts/2026/07/30/1992424/160620-bi-nh-15-gedung_astra_3_1724940201.jpg?w=368&h=208,2026-07-30 19:10:00,industrials,"['multi-sector-holdings', 'industrial-goods']","['Stock Buyback', 'Financial Metrics', 'Subsidiaries', 'Bearish']","['ASII.JK', 'UNTR.JK']","{'future': 2, 'dividend': 0, 'ownership': 0, 'technical': 0, 'valuation': 0, 'financials': 2, 'management': 0, 'sustainability': 0}"
Astra International posts half‑year profit of Rp12.5 trillion and announces up to Rp8 trillion share buyback,https://www.bloombergtechnoz.com/detail-news/116785/astra-asii-cetak-laba-rp12-5-triliun-prospek-makin-cerah,https://images.bloombergtechnoz.com/data/2023/04/image-20230419091537.jpg,2026-07-31 07:00:00,industrials,"['multi-sector-holdings', 'industrial-goods']","['Financial Metrics', 'Stock Buyback', 'Shareholders General Meeting', 'Bullish']","['ASII.JK', 'UNTR.JK']","{'future': 2, 'dividend': 0, 'ownership': 0, 'technical': 0, 'valuation': 0, 'financials': 2, 'management': 0, 'sustainability': 0}"
United Tractors' Net Profit Falls 48% in H1 2026 as Coal RKAB Allocation and Gold Sales Decline,https://money.kompas.com/read/2026/07/31/091309526/laba-united-tractors-anjlok-48-persen-terdampak-rkab-batu-bara-dan-penjualan,https://asset.kompas.com/crops/b7ek68-iBg0Me4eFxXU3aXBCa3I=/16x0:1264x832/230x152/data/photo/2026/03/31/69cbd2287219d.jpeg,2026-07-31 09:13:00,industrials,['industrial-goods'],"['Financial Metrics', 'Commodities', 'Bearish']",['UNTR.JK'],"{'future': 0, 'dividend': 0, 'ownership': 0, 'technical': 0, 'valuation': 0, 'financials': 2, 'management': 0, 'sustainability': 0}"
JP Morgan recommends accumulation of PT Astra International Tbk (ASII) citing strong automotive earnings despite a 26% profit decline.,https://investor.id/market/448619/seruan-akumulasi-asii-dari-jp-morgan-cuan-besar-menanti,https://img2.beritasatu.com/cache/investor/253x142-2/2024/08/1723978918-835x471.webp,2026-07-31 14:13:07,industrials,"['multi-sector-holdings', 'industrial-goods']","['Analyst Ratings', 'Financial Metrics', 'Market Sentiment', 'Bullish']","['ASII.JK', 'UNTR.JK']","{'future': 2, 'dividend': 0, 'ownership': 0, 'technical': 0, 'valuation': 0, 'financials': 2, 'management': 0, 'sustainability': 0}"
"Astra International posts 22% YoY profit decline in Q2 2026, analysts keep buy recommendation",https://investasi.kontan.co.id/news/kinerja-astra-asii-di-bawah-ekspektasi-begini-rekomendasi-sahamnya,https://foto.kontan.co.id/u1VJVp4ortxYTVidHDRZLhbDnK8=/smart/2022/02/25/1515295189t.jpg,2026-07-31 16:27:00,industrials,"['multi-sector-holdings', 'industrial-goods']","['Financial Metrics', 'Analyst Ratings', 'Stock Buyback', 'Bearish']","['ASII.JK', 'UNTR.JK']","{'future': 1, 'dividend': 0, 'ownership': 0, 'technical': 0, 'valuation': 0, 'financials': 2, 'management': 0, 'sustainability': 0}"
"ASII profit projected to rebound in H2 2026 with target net profit up to Rp29 trillion, analysts say",https://investasi.kontan.co.id/news/laba-asii-diproyeksi-pulih-di-semester-ii-2026-cek-proyeksi-rekomendasi-analis,https://foto.kontan.co.id/zu42Dzc7FCIm9t5eVhuWOoLqeaQ=/smart/2021/06/17/1811460084t.jpg,2026-07-31 18:41:00,industrials,"['multi-sector-holdings', 'industrial-goods']","['Analyst Ratings', 'Financial Metrics', 'Bullish']","['ASII.JK', 'UNTR.JK']","{'future': 2, 'dividend': 0, 'ownership': 0, 'technical': 0, 'valuation': 2, 'financials': 2, 'management': 0, 'sustainability': 0}"
"Foreign investors net sold Rp 250.53 billion over the weekend, with PT MNC Digital Entertainment Tbk leading the top‑10 most‑sold stocks",https://investasi.kontan.co.id/news/asing-catat-net-sell-rp-250-miliar-di-akhir-pekan-cek-saham-yang-banyak-diborong,https://foto.kontan.co.id/pdzE8ycbnuFkytp94ZQYCtRUHMg=/smart/2026/07/27/105291204t.jpg,2026-07-31 21:21:00,consumer-cyclicals,"['media-entertainment', 'industrial-goods', 'banks', 'basic-materials', 'telecommunication', 'oil-gas-coal']","['Foreign Investment', 'Market Sentiment', 'Bearish']","['MSIN.JK', 'UNTR.JK', 'BBCA.JK', 'AMMN.JK', 'ANTM.JK', 'TLKM.JK', 'AADI.JK', 'EMAS.JK', 'PGAS.JK', 'ISAT.JK']","{'future': 0, 'dividend': 0, 'ownership': 1, 'technical': 0, 'valuation': 0, 'financials': 0, 'management': 0, 'sustainability': 0}"
"Popular financial news roundup covers Antam gold price outlook, UNTR losses and discounts, IHSG prospects, and BMRI valuation",https://investor.id/market/448837/berita-populer-arah-harga-emas-antam-antm-hingga-untr-lagi-diskon,https://img2.beritasatu.com/cache/investor/253x142-2/2026/06/1782524634-1536x1024.webp,2026-08-03 05:06:55,industrials,"['industrial-goods', 'banks', 'basic-materials', 'telecommunication']","['Commodities', 'Analyst Ratings', 'Financial Metrics', 'Central Bank', 'Neutral']","['UNTR.JK', 'BBCA.JK', 'BBRI.JK', 'BMRI.JK', 'INCO.JK', 'ANTM.JK', 'TLKM.JK']","{'future': 1, 'dividend': 0, 'ownership': 0, 'technical': 0, 'valuation': 2, 'financials': 2, 'management': 0, 'sustainability': 0}"
PT United Tractors Tbk records Rp2.7 trillion impairment on geothermal investment in PT Supreme Energy Rantau Dadap,https://www.bloombergtechnoz.com/detail-news/117046/untr-catat-impairtment-rp2-7-t-di-proyek-geothermal,https://images.bloombergtechnoz.com/data/2023/04/image-20230407135457.jpg,2026-08-03 11:40:00,industrials,"['industrial-goods', 'oil-gas-coal']","['Financial Metrics', 'Ownership', 'Subsidiaries', 'Bearish']","['UNTR.JK', 'PGAS.JK']","{'future': 0, 'dividend': 0, 'ownership': 0, 'technical': 0, 'valuation': 0, 'financials': 2, 'management': 0, 'sustainability': 0}"
Majority of LQ45 Index constituents post solid performance in H1 2026,https://investasi.kontan.co.id/news/mayoritas-emiten-di-indeks-lq45-raih-kinerja-apik-pada-semester-i-2026,https://foto.kontan.co.id/vwUD9vVx0qDYOzcyA59S00yIJMs=/smart/2026/01/05/359875523t.jpg,2026-08-03 19:03:00,energy,"['oil-gas-coal', 'basic-materials', 'multi-sector-holdings', 'industrial-goods', 'food-beverage', 'pharmaceuticals-health-care-research', 'banks', 'food-staples-retailing']","['Analyst Ratings', 'Financial Metrics', 'Bullish']","['CUAN.JK', 'INDY.JK', 'INCO.JK', 'ASII.JK', 'UNTR.JK', 'ICBP.JK', 'INDF.JK', 'BRPT.JK', 'KLBF.JK', 'BBCA.JK', 'BMRI.JK', 'BBTN.JK', 'AMRT.JK', 'CPIN.JK']","{'future': 1, 'dividend': 0, 'ownership': 0, 'technical': 0, 'valuation': 1, 'financials': 2, 'management': 0, 'sustainability': 0}"
Analyst highlights strong first‑half 2026 earnings across LQ45 constituents and points to several stocks with upside potential through year‑end 2026,https://investasi.kontan.co.id/news/laba-emiten-lq45-moncer-analis-beberkan-deretan-saham-potensial-hingga-akhir-2026,https://foto.kontan.co.id/CVsN0WH8tIb1ngRaXUY27MD5LoQ=/smart/2024/08/19/421382383t.jpg,2026-08-03 19:32:00,energy,"['oil-gas-coal', 'basic-materials', 'multi-sector-holdings', 'industrial-goods', 'food-beverage', 'pharmaceuticals-health-care-research', 'nondurable-household-products', 'retailing', 'software-it-services', 'telecommunication', 'banks', 'apparel-luxury-goods']","['Analyst Ratings', 'Financial Metrics', 'Market Sentiment', 'Bullish']","['CUAN.JK', 'INDY.JK', 'INCO.JK', 'ASII.JK', 'UNTR.JK', 'ICBP.JK', 'BRPT.JK', 'KLBF.JK', 'CPIN.JK', 'UNVR.JK', 'MAPI.JK', 'GOTO.JK', 'ISAT.JK', 'BMRI.JK', 'NCKL.JK', 'HRTA.JK']","{'future': 2, 'dividend': 0, 'ownership': 0, 'technical': 0, 'valuation': 0, 'financials': 2, 'management': 0, 'sustainability': 0}"
Prospects and Recommendations for LQ45 Constituents After First‑Half 2026 Earnings,https://investasi.kontan.co.id/news/cek-prospek-rekomendasi-saham-emiten-lq45-usai-rilis-kinerja-semester-i-2026,https://foto.kontan.co.id/ed3gViUZoGEWsch2nD_5bKPcueU=/smart/2026/07/16/1914883473t.jpg,2026-08-03 21:07:00,financials,"['banks', 'food-beverage', 'industrial-goods', 'nondurable-household-products', 'multi-sector-holdings']","['Analyst Ratings', 'Financial Metrics', 'Interest Rate', 'Market Sentiment', 'Bullish']","['BMRI.JK', 'BBCA.JK', 'ICBP.JK', 'UNTR.JK', 'UNVR.JK', 'ASII.JK']","{'future': 0, 'dividend': 0, 'ownership': 0, 'technical': 0, 'valuation': 0, 'financials': 2, 'management': 0, 'sustainability': 0}"
"LQ45 constituents post solid first‑half 2026 earnings, with top blue‑chip picks highlighted for semester II",https://investasi.kontan.co.id/news/laba-emiten-lq45-lampaui-ekspektasi-cek-saham-blue-chip-pilihan-semester-ii-2026,https://foto.kontan.co.id/juAY2pygN5WMqknZprAhqdnKwCE=/smart/2024/03/27/31090241t.jpg,2026-08-04 05:39:00,energy,"['oil-gas-coal', 'basic-materials', 'food-beverage', 'nondurable-household-products', 'retailing', 'software-it-services', 'telecommunication', 'banks', 'apparel-luxury-goods', 'multi-sector-holdings', 'industrial-goods', 'pharmaceuticals-health-care-research', 'investment-service']","['Financial Metrics', 'Analyst Ratings', 'Interest Rate', 'Market Sentiment', 'Bullish']","['CUAN.JK', 'INDY.JK', 'INCO.JK', 'CPIN.JK', 'UNVR.JK', 'MAPI.JK', 'GOTO.JK', 'ISAT.JK', 'BMRI.JK', 'NCKL.JK', 'HRTA.JK', 'ASII.JK', 'UNTR.JK', 'ICBP.JK', 'BRPT.JK', 'KLBF.JK', 'PANS.JK']","{'future': 1, 'dividend': 0, 'ownership': 0, 'technical': 0, 'valuation': 0, 'financials': 2, 'management': 0, 'sustainability': 0}"
"Indonesia's IHSG jumps 1.37% as foreign investors net buy Rp623 billion, led by major banks",https://www.cnbcindonesia.com/market/20260804181846-17-756573/ihsg-lompat-asing-net-buy-rp623-miliar-borong-saham-bank,https://awsimages.detik.net.id/visual/2026/06/30/layar-menampilkan-pergerakan-indeks-harga-saham-gabungan-ihsg-di-bursa-efek-indonesia-bei-jakarta-selasa-3062026-1782797018492_43.jpeg?w=200&q=90,2026-08-04 19:04:11,financials,"['banks', 'telecommunication', 'multi-sector-holdings', 'industrial-goods']","['Foreign Investment', 'Market Sentiment', 'Bullish']","['BBCA.JK', 'BMRI.JK', 'BBRI.JK', 'BBNI.JK', 'GHON.JK', 'ASII.JK', 'UNTR.JK']","{'future': 0, 'dividend': 0, 'ownership': 0, 'technical': 0, 'valuation': 0, 'financials': 0, 'management': 0, 'sustainability': 0}"
"Technical trading recommendations for AKRA, TAPG, and UNTR for Wednesday, 5 August 2026",https://investasi.kontan.co.id/news/cermati-rekomendasi-teknikal-akra-tapg-untr-untuk-perdagangan-rabu-58,https://foto.kontan.co.id/C4k610vHqggoTOZTtN5UT6Klstw=/smart/2025/09/19/1948669479t.jpg,2026-08-05 05:30:00,energy,"['oil-gas-coal', 'food-beverage', 'industrial-goods']","['Analyst Ratings', 'Market Sentiment']","['AKRA.JK', 'TAPG.JK', 'UNTR.JK']","{'future': 0, 'dividend': 0, 'ownership': 0, 'technical': 1, 'valuation': 0, 'financials': 0, 'management': 0, 'sustainability': 0}"
"Indo Premier Sekuritas raises profit forecasts and lifts price target to Rp 5,900 for PT Astra International Tbk (ASII)",https://investasi.kontan.co.id/news/proyeksi-laba-target-harga-astra-asii-dikerek-naik-usai-rilis-lapkeu-semester-i,https://foto.kontan.co.id/5mw51_BoY15dzYnmxYhi78DsYu0=/smart/2025/07/23/561192312t.jpg,2026-08-05 18:31:00,industrials,"['multi-sector-holdings', 'automobiles-components', 'industrial-goods', 'food-beverage']","['Analyst Ratings', 'Financial Metrics', 'Bullish']","['ASII.JK', 'AUTO.JK', 'UNTR.JK', 'AALI.JK']","{'future': 2, 'dividend': 0, 'ownership': 0, 'technical': 0, 'valuation': 2, 'financials': 1, 'management': 0, 'sustainability': 0}"
Assessing Conglomerate Stock Prospects After First‑Half 2026 Performance,https://investasi.kontan.co.id/news/menakar-prospek-saham-konglomerat-usai-rilis-kinerja-semester-i-2026,https://foto.kontan.co.id/djjb2i7jUOnHmCKUx3PDRLIbXi0=/smart/2025/12/23/1185250886t.jpg,2026-08-05 19:43:00,consumer-non-cyclicals,"['food-beverage', 'basic-materials', 'software-it-services', 'telecommunication', 'utilities', 'media-entertainment', 'oil-gas-coal', 'properties-real-estate', 'banks', 'retailing', 'multi-sector-holdings', 'industrial-goods', 'automobiles-components', 'holding-investment-companies']","['Analyst Ratings', 'Financial Metrics', 'Capital & Funding', 'Commodities', 'Market Sentiment', 'Neutral']","['ICBP.JK', 'LSIP.JK', 'BRPT.JK', 'EMTK.JK', 'DCII.JK', 'TOWR.JK', 'BREN.JK', 'AALI.JK', 'SCMA.JK', 'CUAN.JK', 'DMAS.JK', 'SUPA.JK', 'BUMI.JK', 'ROTI.JK', 'IMAS.JK', 'ASII.JK', 'UNTR.JK', 'BSDE.JK', 'BUKA.JK', 'AUTO.JK', 'BBCA.JK', 'SRTG.JK', 'TPIA.JK', 'INDF.JK']","{'future': 1, 'dividend': 0, 'ownership': 0, 'technical': 0, 'valuation': 1, 'financials': 2, 'management': 0, 'sustainability': 0}"
United Tractors (UNTR) Outlook Remains Pressured as H1 2026 Profit Falls 88% and Recovery Hinges on RKAB Revision and Martabe Mine Restart,https://investasi.kontan.co.id/news/united-tractors-untr-masih-tekanan-prospek-ditopang-rkab-dan-tambang-martabe,https://foto.kontan.co.id/cvxFB1-F13eAmX7HHrGh3sEoz78=/smart/2026/01/28/1419203316t.jpg,2026-08-06 17:18:00,industrials,['industrial-goods'],"['Financial Metrics', 'Government Policy', 'Commodities', 'Analyst Ratings', 'Bearish']",['UNTR.JK'],"{'future': 2, 'dividend': 0, 'ownership': 0, 'technical': 0, 'valuation': 1, 'financials': 2, 'management': 0, 'sustainability': 0}"
"UNTR's Net Profit Falls 88% YoY to Rp 956.28bn, Analysts Cite Diversification and Gold Prices as Potential Support",https://investasi.kontan.co.id/news/laba-untr-anjlok-88-diversifikasi-bisnis-dan-harga-emas-bisa-jadi-penyelamat,https://foto.kontan.co.id/rL9mO94KcOeGp74tMSzON6ZwaTQ=/smart/2025/09/03/1680158180t.jpg,2026-08-07 18:21:00,industrials,['industrial-goods'],"['Analyst Ratings', 'Financial Metrics', 'Business Expansion', 'Commodities', 'Bearish']",['UNTR.JK'],"{'future': 2, 'dividend': 0, 'ownership': 0, 'technical': 0, 'valuation': 1, 'financials': 2, 'management': 0, 'sustainability': 0}"
"Stock Recommendations and IHSG Movement for August 11, 2026",https://market.bisnis.com/read/20260811/7/1995163/rekomendasi-saham-dan-pergerakan-ihsg-hari-ini-11-agustus-2026,https://images.bisnis.com/thumb/posts/2026/08/11/1995163/07072026-BI-HIL-21-IHSG-40_1783426937.jpg?w=368&h=208,2026-08-11 08:10:00,energy,"['oil-gas-coal', 'basic-materials', 'telecommunication', 'software-it-services', 'apparel-luxury-goods', 'industrial-goods', 'retailing']","['Analyst Ratings', 'Market Sentiment', 'Bearish']","['CUAN.JK', 'BRPT.JK', 'INDY.JK', 'TLKM.JK', 'ISAT.JK', 'EMTK.JK', 'ESSA.JK', 'MDKA.JK', 'HRTA.JK', 'UNTR.JK', 'MAPI.JK', 'PTBA.JK', 'DSSA.JK', 'WIFI.JK']","{'future': 0, 'dividend': 0, 'ownership': 0, 'technical': 2, 'valuation': 0, 'financials': 0, 'management': 0, 'sustainability': 0}"
"Analysts deem mining‑services issuers still prospective and highlight UNTR, DEWA, MYOH as top picks",https://investasi.kontan.co.id/news/emiten-jasa-pertambangan-masih-prospektif-ini-saham-pilihan-analis,https://foto.kontan.co.id/Io3dtvD2iBYKCpT7i588geZrpEI=/smart/2024/08/22/339480344t.jpg,2026-08-12 18:58:00,industrials,"['industrial-goods', 'oil-gas-coal']","['Analyst Ratings', 'Commodities', 'Export', 'Government Policy', 'Bullish']","['UNTR.JK', 'DEWA.JK', 'MYOH.JK', 'DOID.JK']","{'future': 1, 'dividend': 0, 'ownership': 0, 'technical': 0, 'valuation': 1, 'financials': 0, 'management': 0, 'sustainability': 0}"
"IHSG up 1.69% on Aug 13, 2026, with top LQ45 gainers and buy‑on‑weakness picks",https://market.bisnis.com/read/20260813/7/1995791/rekomendasi-saham-dan-pergerakan-ihsg-hari-ini-13-agustus-2026,https://images.bisnis.com/thumb/posts/2026/08/13/1995791/300126-bi-hil-21-ihsg-02_1770020347.jpg?w=368&h=208,2026-08-13 08:28:00,energy,"['oil-gas-coal', 'telecommunication', 'basic-materials', 'apparel-luxury-goods', 'retailing', 'industrial-goods', 'nondurable-household-products']","['Market Sentiment', 'Analyst Ratings', 'Bullish']","['CUAN.JK', 'ISAT.JK', 'BRPT.JK', 'EXCL.JK', 'DEWA.JK', 'HRTA.JK', 'MAPI.JK', 'UNTR.JK', 'INDY.JK', 'TINS.JK', 'UNVR.JK']","{'future': 0, 'dividend': 0, 'ownership': 0, 'technical': 2, 'valuation': 0, 'financials': 0, 'management': 0, 'sustainability': 0}"
"Foreign investors net‑sell PT Bank Mandiri Tbk, PT Telkom Indonesia Tbk and other stocks as the IHSG rose 1.69%",https://investasi.kontan.co.id/news/bmri-tlkm-teratas-intip-saham-yang-banyak-dijual-asing-saat-ihsg-melonjak-kemarin,https://foto.kontan.co.id/pdzE8ycbnuFkytp94ZQYCtRUHMg=/smart/2026/07/27/105291204t.jpg,2026-08-13 09:01:00,financials,"['banks', 'telecommunication', 'oil-gas-coal', 'industrial-goods', 'basic-materials', 'pharmaceuticals-health-care-research']","['Foreign Investment', 'Market Sentiment', 'Bearish']","['BMRI.JK', 'TLKM.JK', 'MEDC.JK', 'UNTR.JK', 'MDKA.JK', 'ANTM.JK', 'PGAS.JK', 'KLBF.JK', 'AADI.JK']","{'future': 0, 'dividend': 0, 'ownership': 1, 'technical': 0, 'valuation': 0, 'financials': 0, 'management': 0, 'sustainability': 0}"
"Foreign investors sell net Rp1.58 trillion of Indonesian stocks, top 10 net‑sell losers listed",https://www.cnbcindonesia.com/market/20260817221515-17-760118/asing-lepas-rp158-triliun-saham-ri-ini-daftarnya,https://akcdn.detik.net.id/visual/2022/06/29/ilustrasi-bursa-efek-indonesia-cnbc-indonesiaandrean-kristianto-7_43.jpeg?w=200&q=90,2026-08-18 07:00:57,basic-materials,"['basic-materials', 'banks', 'industrial-goods', 'multi-sector-holdings', 'telecommunication', 'oil-gas-coal', 'pharmaceuticals-health-care-research']","['Foreign Investment', 'Market Sentiment', 'Bearish']","['TPIA.JK', 'BMRI.JK', 'SINI.JK', 'ASII.JK', 'TLKM.JK', 'ISAT.JK', 'UNTR.JK', 'CUAN.JK', 'PGAS.JK', 'ITMG.JK', 'KLBF.JK', 'DEWA.JK']","{'future': 0, 'dividend': 0, 'ownership': 1, 'technical': 0, 'valuation': 0, 'financials': 0, 'management': 0, 'sustainability': 0}"
"Astra International projected to improve in H2 2026 as automotive, financial services and Martabe mine drive growth",https://investasi.kontan.co.id/news/astra-international-asii-diproyeksi-moncer-semester-ii-2026-ini-katalisnya,https://foto.kontan.co.id/TrGyGXhvLScEIn5MFRnVkcFbVuk=/smart/2025/02/10/312901863t.jpg,2026-08-18 19:34:00,financials,"['investment-service', 'multi-sector-holdings', 'industrial-goods']","['Financial Metrics', 'Analyst Ratings', 'Dividend Announcement', 'Stock Buyback', 'Business Expansion', 'Bullish']","['RELI.JK', 'ASII.JK', 'UNTR.JK']","{'future': 2, 'dividend': 0, 'ownership': 0, 'technical': 0, 'valuation': 0, 'financials': 2, 'management': 0, 'sustainability': 0}"
United Tractors' profit attributable to shareholders falls 88% YoY in H1 2026,https://www.cnbcindonesia.com/market/20260901104838-17-763923/laba-united-tractors--untr--anjlok-88-ini-penyebabnya,https://akcdn.detik.net.id/visual/2025/12/03/united-tractors-1764730278681_43.jpeg?w=200&q=90,2026-09-01 11:26:39,industrials,['industrial-goods'],"['Financial Metrics', 'Joint Venture', 'Bearish']",['UNTR.JK'],"{'future': 0, 'dividend': 0, 'ownership': 0, 'technical': 0, 'valuation': 0, 'financials': 2, 'management': 0, 'sustainability': 0}"
PT J Resources Asia Pasifik Tbk reports 803% profit surge in H1 2026 driven by PT Arafura Surya Alam divestment and Penjom write-off,https://investor.id/market/452555/di-balik-lonjakanlaba-psab,https://img2.beritasatu.com/cache/investor/253x142-2/2025/06/1749360548-849x517.webp,2026-09-02 11:14:32,basic-materials,"['basic-materials', 'industrial-goods']","['Financial Metrics', 'Mergers & Acquisitions', 'Bullish']","['PSAB.JK', 'UNTR.JK']","{'future': 0, 'dividend': 0, 'ownership': 0, 'technical': 0, 'valuation': 0, 'financials': 2, 'management': 0, 'sustainability': 0}"
"Heavy‑Equipment Market Projected to Grow, Yet PT United Tractors Tbk Sales Fall, PT Kobexindo Tractors Tbk Surge, and PT Intraco Penta Tbk Slip in Q2 2026",https://investasi.kontan.co.id/news/penjualan-alat-berat-diproyeksi-masih-tumbuh-begini-prospek-untr-kobx-dan-inta,https://foto.kontan.co.id/7FVgFg8o2UlngbpTlWd6cQPDSx4=/smart/2022/07/04/497341401t.jpg,2026-09-02 17:03:00,industrials,['industrial-goods'],"['Business Expansion', 'Financial Metrics', 'Analyst Ratings', 'Diversification', 'Neutral']","['KOBX.JK', 'INTA.JK', 'UNTR.JK']","{'future': 2, 'dividend': 0, 'ownership': 0, 'technical': 0, 'valuation': 1, 'financials': 2, 'management': 0, 'sustainability': 0}"
The Fate of Indonesian Stocks Amid MSCI's Whirlwind,https://investor.id/market/452657/nasib-saham-di-pusaran-msci,https://img2.beritasatu.com/cache/investor/253x142-2/2025/11/1762301568-648x344.webp,2026-09-03 06:22:02,technology,"['software-it-services', 'food-beverage', 'industrial-goods', 'banks', 'basic-materials', 'multi-sector-holdings', 'telecommunication']","['Global Index', 'Foreign Investment', 'Market Sentiment', 'Neutral']","['GOTO.JK', 'CPIN.JK', 'UNTR.JK', 'BBCA.JK', 'BMRI.JK', 'BBNI.JK', 'BRMS.JK', 'BBRI.JK', 'BRPT.JK', 'ASII.JK', 'TLKM.JK']","{'future': 0, 'dividend': 0, 'ownership': 0, 'technical': 0, 'valuation': 0, 'financials': 0, 'management': 0, 'sustainability': 0}"
"List of LQ45 stocks with lowest and highest PER on 2 September 2026, highlighting DEWA and AADI",https://investasi.kontan.co.id/news/daftar-saham-per-terendah-tertinggi-lq45-2-september-2026-dewa-dan-aadi-disorot,https://foto.kontan.co.id/GeyTFNKstT6YR8dy40fvLqqHmKA=/smart/2026/01/28/1545644799t.jpg,2026-09-03 06:33:00,energy,"['oil-gas-coal', 'basic-materials', 'industrial-goods', 'food-beverage', 'software-it-services']","['Financial Metrics', 'Foreign Investment', 'Market Sentiment', 'Bearish']","['DEWA.JK', 'AADI.JK', 'AMMN.JK', 'UNTR.JK', 'PTBA.JK', 'INKP.JK', 'JPFA.JK', 'CUAN.JK', 'BUMI.JK', 'GOTO.JK']","{'future': 0, 'dividend': 0, 'ownership': 0, 'technical': 0, 'valuation': 2, 'financials': 0, 'management': 0, 'sustainability': 0}"
"BRI Danareksa Sekuritas Recommends Buy on PT United Tractors Tbk with Rp 30,600 Target Price on Operational Improvement",https://investor.id/market/452662/saham-pbv-di-bawah-1-disorot-katanya-bisa-ke-rp-30000an,https://img2.beritasatu.com/cache/investor/253x142-2/2023/10/1697978892-1024x570.webp,2026-09-03 06:52:02,industrials,['industrial-goods'],"['Analyst Ratings', 'Financial Metrics', 'Commodities', 'Market Sentiment', 'Bullish']",['UNTR.JK'],"{'future': 1, 'dividend': 0, 'ownership': 0, 'technical': 0, 'valuation': 2, 'financials': 0, 'management': 0, 'sustainability': 0}"
PT United Tractors Tbk Reports Declining Seven-Month Sales Across Most Segments with July Improvement in Komatsu and PAMA,https://market.bisnis.com/read/20260903/192/2001021/penjualan-untr-terkoreksi-per-juli-2026-performa-komatsu-pama-mulai-naik,https://images.bisnis.com/thumb/posts/2026/09/03/2001021/kantor_untr_1764748847.jpg?w=368&h=208,2026-09-03 11:36:00,industrials,['industrial-goods'],"['Financial Metrics', 'Production & Operations', 'Commodities', 'Bearish']",['UNTR.JK'],"{'future': 0, 'dividend': 0, 'ownership': 0, 'technical': 0, 'valuation': 0, 'financials': 2, 'management': 0, 'sustainability': 0}"
PT J Resources Asia Pasifik Tbk Allocates Doup Divestment Proceeds to Foreign Currency Investments and Jumbo Dividend While Reporting Profit Driven by One-Time Gain,https://www.bloombergtechnoz.com/detail-news/120485/menelusuri-aliran-uang-hasil-divestasi-tambang-emas-doup-psab,https://images.bloombergtechnoz.com/data/2023/02/image-20230202121955.jpg,2026-09-04 09:50:00,basic-materials,"['basic-materials', 'industrial-goods']","['Currency & FX', 'Dividend Announcement', 'Capital & Funding', 'Financial Metrics', 'Bearish']","['PSAB.JK', 'UNTR.JK']","{'future': 0, 'dividend': 0, 'ownership': 0, 'technical': 0, 'valuation': 0, 'financials': 2, 'management': 0, 'sustainability': 0}"
Foreign investors' top ten net‑buy stocks on 4 Sep 2026 amid a 0.47% IHSG correction,https://investasi.kontan.co.id/news/cermati-saham-yang-banyak-diborong-asing-saat-ihsg-terkoreksi-047-di-akhir-pekan,https://foto.kontan.co.id/YDyiNGhqDK1Sx9q4PPAYWajvrcU=/smart/2026/04/28/504034253t.jpg,2026-09-04 20:14:00,energy,"['oil-gas-coal', 'basic-materials', 'banks', 'utilities', 'industrial-goods']","['Foreign Investment', 'Bullish']","['DSSA.JK', 'TINS.JK', 'AADI.JK', 'BBRI.JK', 'CDIA.JK', 'BBNI.JK', 'EMAS.JK', 'PTBA.JK', 'SGER.JK', 'UNTR.JK']","{'future': 0, 'dividend': 0, 'ownership': 2, 'technical': 0, 'valuation': 0, 'financials': 0, 'management': 0, 'sustainability': 0}"
United Tractors (UNTR) outlines 2026 plan for newly acquired PT Arafura Surya Alam gold mine,https://investor.id/market/453121/united-tractors-untr-bukabukaan-soaltambang-emas-baru,https://img2.beritasatu.com/cache/investor/253x142-2/2025/09/1757904661-1265x600.webp,2026-09-07 15:12:16,industrials,['industrial-goods'],"['Mergers & Acquisitions', 'Business Expansion', 'Commodities', 'Bullish']",['UNTR.JK'],"{'future': 1, 'dividend': 0, 'ownership': 0, 'technical': 0, 'valuation': 2, 'financials': 0, 'management': 0, 'sustainability': 0}"
"Foreign investors show early signs of tactical re-entry into Indonesian equities, with analysts highlighting big banks and select sectors.",https://investasi.kontan.co.id/news/asing-mulai-re-entry-ke-pasar-saham-intip-rekomendasi-saham-yang-menarik-dicermati,https://foto.kontan.co.id/TehvkqW2NE4KQ4-pKX41ivzgF_w=/smart/2026/08/14/309936276t.jpg,2026-09-07 15:43:00,financials,"['banks', 'basic-materials', 'telecommunication', 'multi-sector-holdings', 'food-beverage', 'industrial-goods']","['Foreign Investment', 'Analyst Ratings', 'Market Sentiment', 'Currency & FX', 'Bullish']","['BBRI.JK', 'BBCA.JK', 'BMRI.JK', 'BBNI.JK', 'ANTM.JK', 'AMMN.JK', 'INCO.JK', 'TLKM.JK', 'ASII.JK', 'INDF.JK', 'UNTR.JK']","{'future': 0, 'dividend': 0, 'ownership': 0, 'technical': 0, 'valuation': 0, 'financials': 0, 'management': 0, 'sustainability': 0}"
UNTR Warns of El Niño Impact on Coal Mining as RKAB Revision Takes Effect,https://www.bloombergtechnoz.com/detail-news/120771/baru-kelar-soal-rkab-untr-dihadapkan-dampak-el-nino,https://images.bloombergtechnoz.com/data/2023/06/image-20230609102342.jpg,2026-09-07 15:45:00,industrials,['industrial-goods'],"['Commodities', 'Government Policy', 'Production & Operations', 'Financial Metrics', 'Risk & Compliance', 'Bearish']",['UNTR.JK'],"{'future': 0, 'dividend': 0, 'ownership': 0, 'technical': 0, 'valuation': 0, 'financials': 2, 'management': 0, 'sustainability': 0}"
PT United Tractors Tbk drives gold business as Martabe revives and Doup mine slated for 2029 operation,https://market.bisnis.com/read/20260907/192/2002081/untr-pacu-bisnis-emas-martabe-pulih-tambang-doup-beroperasi-2029,https://images.bisnis.com/thumb/posts/2026/09/07/2002081/martabe_1_1769678024_1_1776342758.jpg?w=368&h=208,2026-09-07 16:05:00,industrials,['industrial-goods'],"['Business Expansion', 'Commodities', 'Asset Purchase', 'Financial Metrics', 'Mergers & Acquisitions', 'Bearish']",['UNTR.JK'],"{'future': 2, 'dividend': 0, 'ownership': 0, 'technical': 0, 'valuation': 0, 'financials': 2, 'management': 0, 'sustainability': 0}"
PT United Tractors Tbk projects challenging performance outlook through end of 2026,https://investasi.kontan.co.id/news/united-tractors-untr-prediksi-kinerja-masih-menantang-hingga-akhir-2026,https://foto.kontan.co.id/rL9mO94KcOeGp74tMSzON6ZwaTQ=/smart/2025/09/03/1680158180t.jpg,2026-09-07 16:15:00,industrials,['industrial-goods'],"['Financial Metrics', 'Commodities', 'Production & Operations', 'Bearish']",['UNTR.JK'],"{'future': 2, 'dividend': 0, 'ownership': 0, 'technical': 0, 'valuation': 0, 'financials': 2, 'management': 0, 'sustainability': 0}"
UNTR reports 78% drop in gold sales and outlines future plans for Martabe and Doup mines,https://www.idnfinancials.com/id/news/68461/penjualan-emas-anjlok-78-untr-ungkap-masa-depan-martabe-dan-doup,https://photos.idnfinancials.com/_idn/_DESIGN%20GRAFIS/ARTIKEL%20IMAGE%20%28ARIF%29/UNTR-min.jpg,2026-09-07 17:25:00,industrials,['industrial-goods'],"['Commodities', 'Production & Operations', 'Financial Metrics', 'Bearish']",['UNTR.JK'],"{'future': 2, 'dividend': 0, 'ownership': 0, 'technical': 0, 'valuation': 0, 'financials': 2, 'management': 0, 'sustainability': 0}"
PT United Tractors Tbk announces Doup gold mine will start production in 2029,https://investasi.kontan.co.id/news/united-tractors-untr-sebut-tambang-emas-doup-produksi-pada-2029,https://foto.kontan.co.id/cvxFB1-F13eAmX7HHrGh3sEoz78=/smart/2026/01/28/1419203316t.jpg,2026-09-07 17:26:00,industrials,['industrial-goods'],"['Production & Operations', 'Commodities', 'Asset Purchase', 'Business Expansion', 'Bullish']",['UNTR.JK'],"{'future': 2, 'dividend': 0, 'ownership': 0, 'technical': 0, 'valuation': 0, 'financials': 2, 'management': 0, 'sustainability': 0}"
PT United Tractors Tbk profit falls 48% as national coal RKAB allocation cuts weigh on heavy equipment and mining sales,https://investor.id/market/453141/rkab-batu-bara-tekan-kinerja-untr-laba-anjlok-48,https://img2.beritasatu.com/cache/investor/253x142-2/2025/02/1740666805-980x550.webp,2026-09-07 17:34:50,industrials,['industrial-goods'],"['Financial Metrics', 'Commodities', 'Government Policy', 'Bearish']",['UNTR.JK'],"{'future': 0, 'dividend': 0, 'ownership': 0, 'technical': 0, 'valuation': 0, 'financials': 2, 'management': 0, 'sustainability': 0}"
"BRI Danareksa Sekuritas analyst highlights expansion prospects and buy recommendations for PT Bumi Resources Tbk, PT Petrosea Tbk, PT United Tractors Tbk and PT Aneka Tambang Tbk.",https://investasi.kontan.co.id/news/cek-prospek-dan-rekomendasi-emiten-yang-akuisisi-aset-tambang-di-luar-negeri,https://foto.kontan.co.id/khbGxw1KuKTsA4Jr4vksfkQd6ms=/smart/2026/04/06/1362614284t.jpg,2026-09-07 18:54:00,energy,"['oil-gas-coal', 'industrial-goods', 'basic-materials']","['Analyst Ratings', 'Business Expansion', 'Mergers & Acquisitions', 'Foreign Investment', 'Capital & Funding', 'Bullish']","['BUMI.JK', 'PTRO.JK', 'UNTR.JK', 'ANTM.JK']","{'future': 2, 'dividend': 0, 'ownership': 0, 'technical': 0, 'valuation': 0, 'financials': 0, 'management': 0, 'sustainability': 0}"
United Tractors Outlines H2 2026 Recovery Driven by RKAB Coal Quota Revision and Martabe Gold Mine Restart,https://market.bisnis.com/read/20260908/192/2002160/kisi-kisi-pemulihan-kinerja-untr-dari-revisi-rkab-hingga-emas-martabe,https://images.bisnis.com/thumb/posts/2026/09/08/2002160/martabe_1_1769678024_1_1776342758.jpg?w=368&h=208,2026-09-08 05:00:00,industrials,['industrial-goods'],"['Analyst Ratings', 'Commodities', 'Financial Metrics', 'Bullish']",['UNTR.JK'],"{'future': 2, 'dividend': 0, 'ownership': 0, 'technical': 0, 'valuation': 0, 'financials': 2, 'management': 0, 'sustainability': 0}"
Stock Recommendations to Watch When the IHSG Strengthens,https://finance.detik.com/bursa-dan-valas/d-8654774/rekomendasi-saham-yang-bisa-dilirik-saat-ihsg-menguat,https://awsimages.detik.net.id/community/media/visual/2026/09/09/bursa-dan-valas-1788916791-1788916792481_43.jpeg?w=210&q=90,2026-09-09 08:50:00,healthcare,"['pharmaceuticals-health-care-research', 'logistics-deliveries', 'basic-materials', 'industrial-goods']","['Dividend Announcement', 'Foreign Investment', 'Financial Metrics', 'Bullish']","['MDLA.JK', 'BLOG.JK', 'PSAB.JK', 'UNTR.JK']","{'future': 0, 'dividend': 0, 'ownership': 0, 'technical': 2, 'valuation': 0, 'financials': 2, 'management': 0, 'sustainability': 0}"
Astra International (ASII) Commits to 45-50% Dividend Payout Ratio for Fiscal Year 2026 Amid Mining Challenges,https://www.bloombergtechnoz.com/detail-news/121140/bocoran-rasio-dividen-astra-asii-tahun-buku-2026,https://images.bloombergtechnoz.com/data/2023/04/image-20230419091537.jpg,2026-09-10 12:20:00,industrials,"['multi-sector-holdings', 'industrial-goods']","['Dividend Announcement', 'Stock Buyback', 'Commodities', 'Financial Metrics', 'Bullish']","['ASII.JK', 'UNTR.JK']","{'future': 2, 'dividend': 0, 'ownership': 0, 'technical': 0, 'valuation': 0, 'financials': 2, 'management': 0, 'sustainability': 0}"
"Astra Focuses on Three Core Profit Engines, Plans Rp35.6 Trillion Capex and VTO for AUTO, with Non-Fit Businesses Facing Capital Reallocation",https://www.idnfinancials.com/id/news/68646/astra-fokus-3-mesin-profit-bisnis-tak-fit-siap-kena-realokasi-modal,https://photo2.idnfinancials.com/fly/idn/test/arif/ASII-BUYBACK-16062026.jpg,2026-09-10 13:05:00,industrials,"['industrial-goods', 'automobiles-components']","['Capital & Funding', 'Asset Purchase', 'Stock Buyback', 'Dividend Announcement', 'Bullish']","['UNTR.JK', 'AUTO.JK']","{'future': 2, 'dividend': 0, 'ownership': 2, 'technical': 0, 'valuation': 0, 'financials': 0, 'management': 0, 'sustainability': 0}"
Astra International Explains Rationale for Voluntary Tender Offer to Increase Stake in Astra Otoparts,https://market.bisnis.com/read/20260910/192/2003046/bos-astra-ungkap-alasan-asii-kerek-kepemilikan-saham-di-auto,https://images.bisnis.com/thumb/posts/2026/09/10/2003046/2020-06-27_-_hil_-_gedung_astra_1724940255.JPG?w=368&h=208,2026-09-10 13:35:00,industrials,"['multi-sector-holdings', 'automobiles-components', 'industrial-goods']","['Mergers & Acquisitions', 'Ownership', 'Capital & Funding', 'Business Expansion', 'Bullish']","['ASII.JK', 'AUTO.JK', 'UNTR.JK']","{'future': 2, 'dividend': 0, 'ownership': 2, 'technical': 0, 'valuation': 0, 'financials': 0, 'management': 0, 'sustainability': 0}"
"Emtek subsidiary PT Kreatif Media Karya acquires 803.28 million shares of PT Bukalapak.com Tbk, raising its stake to 45.68%",https://www.idnfinancials.com/id/news/68636/anak-usaha-emtek-borong-803-juta-buka-kuasai-45-68-saham,https://photos.idnfinancials.com/_idn/_DESIGN%20GRAFIS/ARTIKEL%20IMAGE%20%28ARIF%29/BUKALAPAK-29042026.jpg,2026-09-10 15:40:00,technology,"['software-it-services', 'properties-real-estate', 'holding-investment-companies', 'healthcare-equipment-providers', 'industrial-goods', 'basic-materials', 'food-beverage']","['Ownership', 'Stock Buyback', 'Bullish']","['BUKA.JK', 'DILD.JK', 'SRTG.JK', 'PRDA.JK', 'UNTR.JK', 'ARNA.JK', 'SQMI.JK', 'COIN.JK', 'NSSS.JK']","{'future': 0, 'dividend': 0, 'ownership': 2, 'technical': 0, 'valuation': 0, 'financials': 0, 'management': 0, 'sustainability': 0}"
Astra International (ASII) Projects H2 2026 Earnings Recovery on Mining Rebound and Martabe Gold Mine Restart; ASII and Subsidiary United Tractors (UNTR) Announce Share Buybacks,https://www.bloombergtechnoz.com/detail-news/121172/sinyal-pemulihan-kinerja-astra-asii-semester-ii-2026,https://images.bloombergtechnoz.com/data/2025/11/image-20251126164021.jpeg,2026-09-10 16:10:00,industrials,"['multi-sector-holdings', 'industrial-goods']","['Stock Buyback', 'Subsidiaries', 'Financial Metrics', 'Commodities', 'Analyst Ratings', 'Bullish']","['ASII.JK', 'UNTR.JK']","{'future': 2, 'dividend': 0, 'ownership': 0, 'technical': 0, 'valuation': 1, 'financials': 2, 'management': 0, 'sustainability': 0}"
"PT Astra International Tbk plans Rp36 trillion capex in 2026, allocating Rp15 trillion to PT United Tractors Tbk",https://market.bisnis.com/read/20260910/192/2003122/astra-asii-siapkan-capex-rp36-triliun-di-2026-untr-terima-rp15-triliun,https://images.bisnis.com/thumb/posts/2026/09/10/2003122/2020-06-27_-_hil_-_gedung_astra_1724940255.JPG?w=368&h=208,2026-09-10 16:49:00,industrials,"['multi-sector-holdings', 'industrial-goods']","['Capital & Funding', 'Business Expansion', 'Mergers & Acquisitions', 'Neutral']","['ASII.JK', 'UNTR.JK']","{'future': 2, 'dividend': 0, 'ownership': 0, 'technical': 0, 'valuation': 0, 'financials': 0, 'management': 0, 'sustainability': 0}"
PT Astra International Tbk forecasts a recovery in the second half of 2026 and earmarks Rp36 trillion capex.,https://emitennews.com/news/astra-asii-pede-pulih-di-2h26-gelontorkan-capex-rp36t-untuk-ini,https://ap-south-1.linodeobjects.com/emitennews-02/uploads/news/thumb_1789085279.webp?25119ab,2026-09-11 07:18:00,industrials,['industrial-goods'],"['Capital & Funding', 'Asset Purchase', 'Financial Metrics', 'Bearish']",['UNTR.JK'],"{'future': 2, 'dividend': 0, 'ownership': 0, 'technical': 0, 'valuation': 0, 'financials': 2, 'management': 0, 'sustainability': 0}"
"IHSG Opens Weaker at Start of Week, Pressured by Global Sentiment",https://www.bloombergtechnoz.com/detail-news/121427/ihsg-dibuka-melemah-di-awal-pekan-tertekan-sentimen-global,https://images.bloombergtechnoz.com/data/2026/07/image-20260727155159.jpeg,2026-09-14 09:33:00,industrials,"['industrial-goods', 'basic-materials', 'multi-sector-holdings', 'telecommunication', 'oil-gas-coal', 'food-beverage', 'investment-service']","['Market Sentiment', 'Commodities', 'Interest Rate', 'Foreign Investment', 'Bearish']","['UNTR.JK', 'IMPC.JK', 'TINS.JK', 'ANTM.JK', 'ASII.JK', 'EMAS.JK', 'MDKA.JK', 'ISAT.JK', 'GTSI.JK', 'TAPG.JK', 'AALI.JK', 'AMMN.JK', 'PANS.JK', 'INET.JK', 'BRMS.JK', 'INCO.JK']","{'future': 1, 'dividend': 0, 'ownership': 0, 'technical': 2, 'valuation': 0, 'financials': 0, 'management': 0, 'sustainability': 0}"
Analysts Highlight Stocks Including COCO and RAJA,https://emitennews.com/news/analis-cermati-saham-saham-ini-ada-coco-hingga-raja,https://ap-south-1.linodeobjects.com/emitennews-02/uploads/news/thumb_1789431416.jpeg?25119ab,2026-09-15 07:30:00,industrials,"['industrial-goods', 'food-beverage', 'banks', 'oil-gas-coal']","['Analyst Ratings', 'Bullish']","['UNTR.JK', 'COCO.JK', 'BBNI.JK', 'MEDC.JK', 'RAJA.JK', 'SSMS.JK']","{'future': 1, 'dividend': 0, 'ownership': 0, 'technical': 2, 'valuation': 0, 'financials': 0, 'management': 0, 'sustainability': 0}"
"PT Bayan Resources Tbk (BYAN) reaches Auto Reject Atas (ARA) at Rp13,825, outpacing transaction volumes of PT Adaro Andalan Indonesia Tbk (AADI) and PT United Tractors Tbk (UNTR)",https://www.bloombergtechnoz.com/detail-news/122058/saham-byan-sentuh-ara-transaksi-kalahkan-aadi-hingga-untr,https://images.bloombergtechnoz.com/data/2026/05/image-20260522184041.jpeg,2026-09-18 15:50:00,energy,['oil-gas-coal'],"['Mergers & Acquisitions', 'Financial Metrics', 'Ownership', 'Bullish']",['BYAN.JK'],"{'future': 0, 'dividend': 0, 'ownership': 2, 'technical': 2, 'valuation': 2, 'financials': 2, 'management': 0, 'sustainability': 0}"
Pending RKAB revisions pressure mining‑service firms; Kiwoom Sekuritas Indonesia recommends PT United Tractors Tbk (UNTR),https://investasi.kontan.co.id/news/rkab-belum-tuntas-begini-prospek-emiten-jasa-pertambangan,https://foto.kontan.co.id/nTALikP6JWT6iPDJZYVoacSUePM=/smart/2023/03/14/1642129634t.jpg,2026-09-21 18:59:00,industrials,['industrial-goods'],"['Analyst Ratings', 'Commodities', 'Capital & Funding', 'Business Expansion', 'Risk & Compliance', 'Bullish']",['UNTR.JK'],"{'future': 1, 'dividend': 0, 'ownership': 0, 'technical': 0, 'valuation': 1, 'financials': 0, 'management': 0, 'sustainability': 0}"
RKAB revision delays weigh on mining services issuers; analyst recommends UNTR,https://investasi.kontan.co.id/news/ketidakpastian-rkab-mengancam-prospek-emiten-jasa-pertambangan,https://foto.kontan.co.id/2T1BNjffGIhmG0m6St0wP5dCCqU=/smart/2024/10/01/1268756344t.jpg,2026-09-22 07:22:00,industrials,['industrial-goods'],"['Analyst Ratings', 'Commodities', 'Diversification', 'Bullish']",['UNTR.JK'],"{'future': 2, 'dividend': 0, 'ownership': 0, 'technical': 0, 'valuation': 1, 'financials': 0, 'management': 0, 'sustainability': 0}"
"Shareholding changes above 5% on 18 Sep: Dato Tahir reduces MPRO stake to 10.49% and notable transactions in NSSS, YULE, JECX, MAPI, PRDA and UNTR",https://www.idnfinancials.com/id/news/69181/dato-tahir-lepas-37-juta-lembar-mpro-sisakan-10-49-saham,,2026-09-22 08:00:00,properties-real-estate,"['properties-real-estate', 'food-beverage', 'investment-service', 'healthcare-equipment-providers', 'retailing', 'industrial-goods']","['Ownership', 'Stock Buyback', 'Bullish']","['MPRO.JK', 'NSSS.JK', 'YULE.JK', 'JECX.JK', 'MAPI.JK', 'PRDA.JK', 'UNTR.JK']","{'future': 0, 'dividend': 0, 'ownership': 2, 'technical': 0, 'valuation': 0, 'financials': 0, 'management': 0, 'sustainability': 0}"
Stock Moves of Salim to Prajogo Conglomerate Issuers: Who Delivered the Highest Returns?,https://market.bisnis.com/read/20260922/189/2006284/gerak-saham-emiten-konglomerat-salim-hingga-prajogo-siapa-paling-cuan,https://images.bisnis.com/thumb/posts/2026/09/22/2006284/whatsapp-image-2026-08-14-at-09.30.47_1786675266.jpg?w=368&h=208,2026-09-22 18:55:00,consumer-non-cyclicals,"['food-beverage', 'automobiles-components', 'industrial-goods', 'oil-gas-coal', 'basic-materials']","['Financial Metrics', 'Bullish']","['LSIP.JK', 'SIMP.JK', 'INDF.JK', 'AUTO.JK', 'AALI.JK', 'UNTR.JK', 'PTRO.JK', 'BRPT.JK', 'CUAN.JK']","{'future': 0, 'dividend': 0, 'ownership': 0, 'technical': 0, 'valuation': 0, 'financials': 2, 'management': 0, 'sustainability': 0}"
PT United Tractors Tbk (UNTR) posts 21.09% YoY drop in Komatsu equipment sales and sharp declines in gold and nickel output in August 2026,https://investasi.kontan.co.id/news/kinerja-operasional-untr-penjualan-alat-berat-komatsu-dan-emas-lesu-per-agustus-2026,https://foto.kontan.co.id/akuy5LH46ZMHp9ZKqNtcEUs90V8=/smart/2024/10/30/1770508501t.jpg,2026-09-23 10:27:00,industrials,['industrial-goods'],"['Commodities', 'Production & Operations', 'Financial Metrics', 'Bearish']",['UNTR.JK'],"{'future': 0, 'dividend': 0, 'ownership': 0, 'technical': 0, 'valuation': 0, 'financials': 2, 'management': 0, 'sustainability': 0}"
"PT Astra International Tbk (ASII) reports first‑half 2026 capex realization of Rp 17 trillion, 47.2% of annual target",https://investasi.kontan.co.id/news/astra-international-asii-baru-serap-capex-rp-17-triliun-42-dari-target-tahun-ini,https://foto.kontan.co.id/zu42Dzc7FCIm9t5eVhuWOoLqeaQ=/smart/2021/06/17/1811460084t.jpg,2026-09-23 11:25:00,industrials,"['multi-sector-holdings', 'industrial-goods']","['Capital & Funding', 'Asset Purchase', 'Business Expansion', 'Financial Metrics', 'Bullish']","['ASII.JK', 'UNTR.JK']","{'future': 1, 'dividend': 0, 'ownership': 0, 'technical': 0, 'valuation': 0, 'financials': 0, 'management': 0, 'sustainability': 0}"
PT United Tractors Tbk (UNTR) reports coal production and heavy equipment sales fall as RKAB approvals lag,https://finance.detik.com/bursa-dan-valas/d-8675303/produksi-batu-bara-penjualan-alat-berat-untr-turun-terkendala-rkab,https://awsimages.detik.net.id/community/media/visual/2025/12/11/united-tractors-1765447445152_43.jpeg?w=210&q=90,2026-09-23 11:36:00,industrials,['industrial-goods'],"['Commodities', 'Production & Operations', 'Government Policy', 'Financial Metrics', 'Bearish']",['UNTR.JK'],"{'future': 1, 'dividend': 0, 'ownership': 0, 'technical': 0, 'valuation': 0, 'financials': 1, 'management': 0, 'sustainability': 0}"
PT United Tractors Tbk (UNTR) feels impact of RKAB policy on coal operations and revenue,https://www.bloombergtechnoz.com/detail-news/122442/untr-merasakan-dampak-kebijakan-rkab,https://images.bloombergtechnoz.com/data/2023/06/image-20230609102342.jpg,2026-09-23 13:35:00,industrials,['industrial-goods'],"['Government Policy', 'Commodities', 'Production & Operations', 'Capital & Funding', 'Financial Metrics', 'Bearish']",['UNTR.JK'],"{'future': 1, 'dividend': 0, 'ownership': 0, 'technical': 0, 'valuation': 0, 'financials': 2, 'management': 0, 'sustainability': 0}"
"UNTR's RKAB approval delayed, new coal production allocation set at 12.4 million tons",https://emitennews.com/news/proses-rkab-seret-untr-baru-dapat-jatah-segini,https://ap-south-1.linodeobjects.com/emitennews-02/uploads/news/thumb_1790144775.jpg?25119ab,2026-09-23 13:37:00,industrials,['industrial-goods'],"['Production & Operations', 'Politics & Regulation', 'Commodities', 'Bearish']",['UNTR.JK'],"{'future': 0, 'dividend': 0, 'ownership': 0, 'technical': 0, 'valuation': 0, 'financials': 2, 'management': 0, 'sustainability': 0}"
PT United Tractors Tbk (UNTR) reports coal production and heavy‑equipment sales decline as RKAB approval is cut by 50%,https://www.antaranews.com/berita/5754353/produksi-batu-bara-penjualan-alat-berat-untr-turun-terdampak-izin-rkab,https://cdn.antaranews.com/cache/350x233/2026/09/23/WhatsApp-Image-2026-09-23-at-13.45.34.jpeg,2026-09-23 14:14:00,industrials,['industrial-goods'],"['Commodities', 'Government Policy', 'Production & Operations', 'Financial Metrics', 'Bearish']",['UNTR.JK'],"{'future': 2, 'dividend': 0, 'ownership': 0, 'technical': 0, 'valuation': 0, 'financials': 2, 'management': 0, 'sustainability': 0}"
PT Astra International Tbk (ASII) reports capex absorption of Rp17 trillion in the first half of 2026,https://market.bisnis.com/read/20260923/192/2006521/astra-international-asii-serap-capex-rp17-triliun-semester-i2026,https://images.bisnis.com/thumb/posts/2026/09/23/2006521/21072025-bi-arf-22-astra-1_1753958929.jpg?w=368&h=208,2026-09-23 14:16:00,industrials,"['multi-sector-holdings', 'industrial-goods']","['Capital & Funding', 'Business Expansion', 'Asset Purchase', 'Neutral']","['ASII.JK', 'UNTR.JK']","{'future': 1, 'dividend': 0, 'ownership': 0, 'technical': 0, 'valuation': 0, 'financials': 1, 'management': 0, 'sustainability': 0}"
"RKAB Dampens Heavy Equipment Sales, PT United Tractors Tbk (UNTR) Impacted",https://www.bloombergtechnoz.com/detail-news/122449/rkab-tekan-penjualan-alat-berat-untr-terdampak,https://images.bloombergtechnoz.com/data/2023/04/image-20230414142437.jpg,2026-09-23 14:20:00,industrials,['industrial-goods'],"['Government Policy', 'Production & Operations', 'Financial Metrics', 'Bearish']",['UNTR.JK'],"{'future': 0, 'dividend': 0, 'ownership': 0, 'technical': 0, 'valuation': 0, 'financials': 2, 'management': 0, 'sustainability': 0}"
"PT Astra International Tbk (ASII) reports first‑half 2026 capex of Rp 17 trillion, driven by subsidiary PT United Tractors Tbk (UNTR).",https://investor.id/market/455201/belanja-modal-astra-asii-tembus-rp-17-triliun-dipacu-ekspansi-united-tractors-untr,https://img2.beritasatu.com/cache/investor/253x142-2/2025/08/1756338784-720x528.webp,2026-09-23 14:28:00,industrials,"['multi-sector-holdings', 'industrial-goods']","['Capital & Funding', 'Asset Purchase', 'Production & Operations', 'Business Expansion', 'Bullish']","['ASII.JK', 'UNTR.JK']","{'future': 1, 'dividend': 0, 'ownership': 0, 'technical': 0, 'valuation': 0, 'financials': 0, 'management': 0, 'sustainability': 0}"
"RKAB increases to 12.4 million tons, PT United Tractors Tbk (UNTR) aims to boost coal production in the second half of 2026",https://investasi.kontan.co.id/news/rkab-naik-jadi-124-juta-ton-untr-genjot-produksi-batubara-di-semester-ii-2026,https://foto.kontan.co.id/X-d6A8GwV-yRA9vNqHGj5QwspXo=/smart/2017/03/03/14745820t.jpg,2026-09-23 14:50:00,industrials,['industrial-goods'],"['Business Expansion', 'Production & Operations', 'Commodities', 'Bearish']",['UNTR.JK'],"{'future': 2, 'dividend': 0, 'ownership': 0, 'technical': 0, 'valuation': 0, 'financials': 2, 'management': 0, 'sustainability': 0}"
PT United Tractors Tbk (UNTR) earmarks Rp7.1 trillion for share buyback through June 2026,https://market.bisnis.com/read/20260923/192/2006531/united-tractors-untr-rogoh-rp71-triliun-lakukan-buyback-hingga-juni-2026,https://images.bisnis.com/thumb/posts/2026/09/23/2006531/kantor_untr_1764748847.jpg?w=368&h=208,2026-09-23 14:54:00,industrials,['industrial-goods'],"['Stock Buyback', 'Capital & Funding', 'Bullish']",['UNTR.JK'],"{'future': 2, 'dividend': 0, 'ownership': 0, 'technical': 0, 'valuation': 0, 'financials': 0, 'management': 0, 'sustainability': 0}"
PT United Tractors Tbk (UNTR) receives approval to raise coal RKAB to 12.4 million tons,https://www.cnbcindonesia.com/market/20260923151031-17-770261/united-tractor-kantongi-rkab-124-juta-ton,https://awsimages.detik.net.id/visual/2025/12/03/united-tractors-1764730278681_43.jpeg?w=200&q=90,2026-09-23 16:46:50,industrials,['industrial-goods'],"['Business Expansion', 'Government Policy', 'Commodities', 'Production & Operations', 'Capital & Funding', 'Bearish']",['UNTR.JK'],"{'future': 2, 'dividend': 0, 'ownership': 0, 'technical': 0, 'valuation': 0, 'financials': 2, 'management': 0, 'sustainability': 0}"
PT Astra International Tbk (ASII) realizes Rp17 trillion capex in H1 2026.,https://www.idnfinancials.com/id/news/69314/asii-merealisasikan-capex-rp17-triliun-pada-semester-satu-2026,,2026-09-23 17:00:00,industrials,"['multi-sector-holdings', 'industrial-goods']","['Capital & Funding', 'Asset Purchase', 'Market Sentiment', 'Bearish']","['ASII.JK', 'UNTR.JK']","{'future': 1, 'dividend': 0, 'ownership': 0, 'technical': 0, 'valuation': 0, 'financials': 0, 'management': 0, 'sustainability': 0}"
PT United Tractors Tbk (UNTR) raises coal RKAB to 12.4 million tons and continues to boost mineral mining business,https://investasi.kontan.co.id/news/rkab-batubara-untr-naik-bisnis-tambang-mineral-terus-digenjot,https://foto.kontan.co.id/rL9mO94KcOeGp74tMSzON6ZwaTQ=/smart/2025/09/03/1680158180t.jpg,2026-09-23 17:25:00,industrials,['industrial-goods'],"['Business Expansion', 'Commodities', 'Analyst Ratings', 'Stock Buyback', 'Financial Metrics', 'Bullish']",['UNTR.JK'],"{'future': 2, 'dividend': 0, 'ownership': 0, 'technical': 0, 'valuation': 1, 'financials': 2, 'management': 0, 'sustainability': 0}"
United Tractors' long journey toward a sustainable industry,https://investor.id/market/455639/jejak-panjang-united-tractors-menempuh-industri-berkelanjutan,https://img2.beritasatu.com/cache/investor/253x142-2/2026/09/1790426085-828x478.webp,2026-09-26 20:30:00,industrials,"['industrial-goods', 'utilities']","['Annual Report', 'ESG', 'Business Expansion', 'Neutral']","['UNTR.JK', 'ARKO.JK']","{'future': 2, 'dividend': 0, 'ownership': 0, 'technical': 0, 'valuation': 0, 'financials': 2, 'management': 0, 'sustainability': 2}"
