Date,Ticker,Company,Close,High,Low,Open,Volume
2025-09-29,ASII.JK,Astra International,5404.53271484375,5521.51394243777,5381.136469324946,5498.117696918966,20892700
2025-09-30,ASII.JK,Astra International,5404.53271484375,5451.325205881358,5334.343978287337,5381.136469324946,41266900
2025-10-01,ASII.JK,Astra International,5310.94775390625,5474.721473189703,5287.551508294328,5451.325227577781,26508200
2025-10-02,ASII.JK,Astra International,5334.34375,5381.136239035088,5264.155016447368,5381.136239035088,29346300
2025-10-03,ASII.JK,Astra International,5451.3251953125,5474.721440785944,5381.136458892167,5381.136458892167,27951100
2025-10-06,ASII.JK,Astra International,5451.3251953125,5544.910177206277,5427.928949839055,5521.513931732832,21809400
2025-10-07,ASII.JK,Astra International,5381.13623046875,5661.891164232337,5357.739985988452,5544.909941830842,43328700
2025-10-08,ASII.JK,Astra International,5357.740234375,5498.117707764738,5287.5514976801305,5451.325216634825,30080700
2025-10-09,ASII.JK,Astra International,5544.90966796875,5544.90966796875,5381.1359646954115,5404.532208020174,27699300
2025-10-10,ASII.JK,Astra International,5521.513671875,5568.306160619703,5474.721183130297,5544.909916247352,27133800
2025-10-13,ASII.JK,Astra International,5427.9287109375,5544.909933155981,5404.532466493804,5474.721199824892,29034500
2025-10-14,ASII.JK,Astra International,5545.0166015625,5735.40343766765,5521.218247049356,5521.218247049356,53096200
2025-10-15,ASII.JK,Astra International,5497.419921875,5664.00840435606,5473.621567234848,5664.00840435606,96604500
2025-10-16,ASII.JK,Astra International,5473.62158203125,5568.815000849185,5473.62158203125,5568.815000849185,15044500
2025-10-17,ASII.JK,Astra International,5354.6298828125,5521.218368055555,5307.033172743056,5449.8233029513885,31793700
2025-10-20,ASII.JK,Astra International,5640.2099609375,5640.2099609375,5354.629709750791,5354.629709750791,29959700
2025-10-21,ASII.JK,Astra International,5711.60498046875,5759.201688639323,5616.411564127604,5711.60498046875,46181700
2025-10-22,ASII.JK,Astra International,5878.193359375,5997.185127783401,5711.604883603239,5759.201590966599,98615300
2025-10-23,ASII.JK,Astra International,6020.9833984375,6092.378458498024,5782.999864902421,5782.999864902421,60009000
2025-10-24,ASII.JK,Astra International,6258.96728515625,6354.160703941897,6044.782092888546,6068.580447584957,93344500
2025-10-27,ASII.JK,Astra International,6282.765625,6401.757398200757,6068.580433238636,6282.765625,64262300
2025-10-28,ASII.JK,Astra International,6020.9833984375,6282.765285326087,5973.386691730484,6282.765285326087,37953500
2025-10-29,ASII.JK,Astra International,6163.7734375,6187.571790540541,5925.789907094594,5949.588260135135,39818900
2025-10-30,ASII.JK,Astra International,5973.38671875,6139.975192978088,5949.588365288844,6116.176839516932,28976800
2025-10-31,ASII.JK,Astra International,5854.39501953125,5997.185141958841,5830.596665793318,5949.588434482977,64790000
2025-11-03,ASII.JK,Astra International,6044.78173828125,6139.975151482529,5854.394911878691,5854.394911878691,59085000
2025-11-04,ASII.JK,Astra International,5997.18505859375,6068.5801188151045,5949.588351779514,5997.18505859375,62249200
2025-11-05,ASII.JK,Astra International,5949.58837890625,6020.983439453125,5878.193318359376,5949.58837890625,43439100
2025-11-06,ASII.JK,Astra International,6020.9833984375,6044.781751791008,5901.991631669961,5997.185045083992,48979900
2025-11-07,ASII.JK,Astra International,6116.1767578125,6139.975110955739,5997.184992096304,6020.983345239543,42960800
2025-11-10,ASII.JK,Astra International,6116.1767578125,6187.5718172422185,6092.378404669261,6187.5718172422185,45533400
2025-11-11,ASII.JK,Astra International,6211.37060546875,6282.765669899425,6139.975541038075,6235.168960278975,43529600
2025-11-12,ASII.JK,Astra International,6139.97509765625,6258.966863114704,6092.378391472868,6235.168510023013,37083400
2025-11-13,ASII.JK,Astra International,6068.580078125,6116.176784620098,6044.781724877451,6116.176784620098,21200000
2025-11-14,ASII.JK,Astra International,6092.37841796875,6139.975124359131,6020.983358383179,6068.58006477356,23431700
2025-11-17,ASII.JK,Astra International,6139.97509765625,6187.571803839632,6068.5800383811775,6092.378391472868,40681500
2025-11-18,ASII.JK,Astra International,6116.1767578125,6235.168523528697,6092.378404669261,6163.773464098979,27510900
2025-11-19,ASII.JK,Astra International,6092.37841796875,6163.773477554321,5973.386651992798,6116.17677116394,45476700
2025-11-20,ASII.JK,Astra International,6116.1767578125,6187.5718172422185,6068.580051526022,6139.975110955739,30547700
2025-11-21,ASII.JK,Astra International,6116.1767578125,6116.1767578125,6020.983345239543,6092.378404669261,43653200
2025-11-24,ASII.JK,Astra International,6163.7734375,6211.370143581081,6116.176731418919,6187.571790540541,71721700
2025-11-25,ASII.JK,Astra International,6139.97509765625,6163.773450747941,6068.5800383811775,6116.176744564559,20954400
2025-11-26,ASII.JK,Astra International,6282.765625,6282.765625,6116.177142518939,6187.572206439394,29331000
2025-11-27,ASII.JK,Astra International,6258.96728515625,6282.7656398526615,6139.975511674192,6282.7656398526615,23737100
2025-11-28,ASII.JK,Astra International,6235.1689453125,6282.765654818702,6187.572235806298,6282.765654818702,38378700
2025-12-01,ASII.JK,Astra International,6068.580078125,6187.571844362746,6020.983371629902,6068.580078125,38669000
2025-12-02,ASII.JK,Astra International,6306.56396484375,6306.56396484375,6187.57219192217,6258.9672556751175,53567600
2025-12-03,ASII.JK,Astra International,6282.765625,6330.362334280303,6235.168915719697,6282.765625,24386200
2025-12-04,ASII.JK,Astra International,6401.75732421875,6401.75732421875,6235.168843662872,6258.967198027997,38510600
2025-12-05,ASII.JK,Astra International,6377.958984375,6568.345819729478,6377.958984375,6401.757338794309,67707300
2025-12-08,ASII.JK,Astra International,6401.75732421875,6496.950741679252,6306.563906758248,6496.950741679252,38776000
2025-12-09,ASII.JK,Astra International,6282.765625,6449.35410748106,6139.975497159091,6449.35410748106,38482800
2025-12-10,ASII.JK,Astra International,6306.56396484375,6401.757383181014,6235.168901090801,6377.959028596698,34524000
2025-12-11,ASII.JK,Astra International,6139.97509765625,6354.160275481468,6044.781685289487,6330.361922389777,42116700
2025-12-12,ASII.JK,Astra International,6282.765625,6282.765625,6116.177142518939,6235.168915719697,28841900
2025-12-15,ASII.JK,Astra International,6282.765625,6401.757398200757,6211.370561079545,6401.757398200757,38096700
2025-12-16,ASII.JK,Astra International,6282.765625,6282.765625,6187.572206439394,6258.967270359848,34723600
2025-12-17,ASII.JK,Astra International,6282.765625,6282.765625,6187.572206439394,6235.168915719697,32681400
2025-12-18,ASII.JK,Astra International,6187.572265625,6282.765685096154,6163.7739107572115,6282.765685096154,20454400
2025-12-19,ASII.JK,Astra International,6211.37060546875,6258.9673150891995,6116.177186227849,6258.9673150891995,61201100
2025-12-22,ASII.JK,Astra International,6258.96728515625,6282.7656398526615,6139.975511674192,6139.975511674192,30755900
2025-12-23,ASII.JK,Astra International,6187.572265625,6258.967330228365,6139.975555889423,6187.572265625,13756700
2025-12-24,ASII.JK,Astra International,6306.56396484375,6354.160674012382,6139.975482753537,6139.975482753537,20273000
2025-12-29,ASII.JK,Astra International,6354.16064453125,6401.75735347905,6282.765581109551,6306.56393558345,20982300
2025-12-30,ASII.JK,Astra International,6377.958984375,6401.757338794309,6282.765566697761,6354.16062995569,23486000
2026-01-02,ASII.JK,Astra International,6473.15234375,6473.15234375,6282.765510110294,6282.765510110294,19569100
2026-01-05,ASII.JK,Astra International,6544.54736328125,6544.54736328125,6354.1605308948865,6449.353947088069,30633400
2026-01-06,ASII.JK,Astra International,6568.345703125,6568.345703125,6377.958871150362,6544.54734912817,33964700
2026-01-07,ASII.JK,Astra International,6687.33740234375,6734.934109833741,6473.15221863879,6473.15221863879,55249800
2026-01-08,ASII.JK,Astra International,6663.5390625,6758.732477678572,6639.740708705357,6687.337416294643,30845500
2026-01-09,ASII.JK,Astra International,6544.54736328125,6758.732549715909,6496.95065518466,6663.539133522728,29171000
2026-01-12,ASII.JK,Astra International,6663.5390625,6663.5390625,6568.345647321428,6592.144001116071,24915100
2026-01-13,ASII.JK,Astra International,6949.119140625,6949.119140625,6687.337255190497,6734.933961633134,65659900
2026-01-14,ASII.JK,Astra International,6782.53076171875,6877.724175918311,6687.337347519188,6853.925822368421,40658400
2026-01-15,ASII.JK,Astra International,6711.1357421875,6853.925864361702,6663.539034796099,6853.925864361702,26410300
2026-01-19,ASII.JK,Astra International,7044.31298828125,7115.708052351668,6830.127796069996,6853.926150760135,51590900
2026-01-20,ASII.JK,Astra International,6925.32080078125,7020.514213850408,6877.724094246671,6996.715860583118,21167100
2026-01-21,ASII.JK,Astra International,6282.765625,6473.152462121212,5997.185369318182,5997.185369318182,269454100
2026-01-22,ASII.JK,Astra International,6449.35400390625,6520.7490666801195,6306.56387835851,6377.95894113238,70220500
2026-01-23,ASII.JK,Astra International,6496.95068359375,6568.345746050824,6330.362204527244,6473.152329441392,52227800
2026-01-26,ASII.JK,Astra International,6544.54736328125,6544.54736328125,6377.958884943182,6520.749009232955,55468700
2026-01-27,ASII.JK,Astra International,5997.18505859375,6473.152126736111,5925.7899983723955,6449.353773328993,145465800
2026-01-28,ASII.JK,Astra International,5878.193359375,6163.773603555162,5497.419700468117,5901.99171305668,200262500
2026-01-29,ASII.JK,Astra International,6163.7734375,6163.7734375,5449.822846283783,5901.991554054054,136295200
2026-01-30,ASII.JK,Astra International,6044.78173828125,6235.16856468381,5997.18503168061,6211.37021138349,101087200
2026-02-02,ASII.JK,Astra International,5973.38671875,6092.378486055777,5878.193304905379,6044.7817791334655,71571500
2026-02-03,ASII.JK,Astra International,6473.15234375,6473.15234375,6020.983613855698,6068.580322265625,63526500
2026-02-04,ASII.JK,Astra International,6354.16064453125,6496.950771374649,6306.56393558345,6473.152416900749,58211100
2026-02-05,ASII.JK,Astra International,6615.9423828125,6663.539090602518,6401.757197757419,6401.757197757419,72792600
2026-02-06,ASII.JK,Astra International,6377.958984375,6473.152402052238,6258.967212278451,6473.152402052238,49547300
2026-02-09,ASII.JK,Astra International,6330.3623046875,6425.555722803101,6211.370532042998,6425.555722803101,34797900
2026-02-10,ASII.JK,Astra International,6520.7490234375,6520.7490234375,6330.362190636405,6377.958898836679,45371100
2026-02-11,ASII.JK,Astra International,6425.5556640625,6496.950726996528,6377.958955439814,6473.152372685186,41050100
2026-02-12,ASII.JK,Astra International,6449.35400390625,6568.345775196033,6425.555649648293,6449.35400390625,26536900
2026-02-13,ASII.JK,Astra International,6330.3623046875,6449.354077332002,6258.967241100799,6449.354077332002,31212900
2026-02-18,ASII.JK,Astra International,6377.958984375,6425.555693213619,6330.36227553638,6425.555693213619,25858200
2026-02-19,ASII.JK,Astra International,6282.765625,6449.35410748106,6235.168915719697,6377.959043560606,46704000
2026-02-20,ASII.JK,Astra International,6235.1689453125,6330.362364324905,6235.1689453125,6282.765654818702,28160900
2026-02-23,ASII.JK,Astra International,6306.56396484375,6330.362319428065,6235.168901090801,6306.56396484375,38075400
2026-02-24,ASII.JK,Astra International,6235.1689453125,6401.757428584208,6235.1689453125,6330.362364324905,51297100
2026-02-25,ASII.JK,Astra International,6330.3623046875,6354.1606592164,6258.967241100799,6282.765595629699,45214100
2026-02-26,ASII.JK,Astra International,6401.75732421875,6401.75732421875,6258.967198027997,6377.958969853625,30901600
2026-02-27,ASII.JK,Astra International,6354.16064453125,6425.55570795295,6258.967226635651,6401.75735347905,68396400
2026-03-02,ASII.JK,Astra International,5997.18505859375,6306.563652886285,5973.386705186632,6282.765299479167,60477400
2026-03-03,ASII.JK,Astra International,5973.38671875,6116.176839516932,5949.588365288844,6092.378486055777,31573300
2026-03-04,ASII.JK,Astra International,5854.39501953125,6020.983495696773,5711.604897103658,5973.38678822091,49747800
2026-03-05,ASII.JK,Astra International,6020.9833984375,6044.781751791008,5901.991631669961,5997.185045083992,38471400
2026-03-06,ASII.JK,Astra International,5830.5966796875,5997.18515625,5759.201618303571,5997.18515625,38071100
2026-03-09,ASII.JK,Astra International,5568.81494140625,5616.411650307158,5521.218232505342,5616.411650307158,46625500
2026-03-10,ASII.JK,Astra International,5711.60498046875,5854.395104980468,5616.411564127604,5616.411564127604,33964900
2026-03-11,ASII.JK,Astra International,5664.00830078125,5759.201717601103,5592.61323816636,5711.605009191177,18403300
2026-03-12,ASII.JK,Astra International,5664.00830078125,5759.201717601103,5616.411592371323,5687.806654986213,20628100
2026-03-13,ASII.JK,Astra International,5545.0166015625,5664.008374128219,5497.4198925362125,5616.411665101931,27856000
2026-03-16,ASII.JK,Astra International,5568.81494140625,5616.411650307158,5402.226460253071,5592.613295856704,37696400
2026-03-17,ASII.JK,Astra International,5521.21826171875,5640.21003460062,5473.621552566003,5640.21003460062,89895700
2026-03-25,ASII.JK,Astra International,6282.765625,6282.765625,5806.79853219697,5997.185369318182,134276600
2026-03-26,ASII.JK,Astra International,5949.58837890625,6258.966974609375,5925.7900253906255,6258.966974609375,45012000
2026-03-27,ASII.JK,Astra International,5830.5966796875,5925.790094866072,5759.201618303571,5901.991741071429,32993200
2026-03-30,ASII.JK,Astra International,6044.78173828125,6092.37844488189,5711.604792076771,5806.798205278052,48246100
2026-03-31,ASII.JK,Astra International,5949.58837890625,6044.78179296875,5878.193318359376,6044.78179296875,31516100
2026-04-01,ASII.JK,Astra International,5949.58837890625,6044.78179296875,5830.596611328126,5973.386732421875,37708800
2026-04-02,ASII.JK,Astra International,5783.0,5997.185185185185,5735.403292181069,5854.3950617283945,37842500
2026-04-06,ASII.JK,Astra International,5806.79833984375,5830.596693695569,5735.403278288294,5782.999985991932,15705000
2026-04-07,ASII.JK,Astra International,5616.41162109375,5783.000101380429,5592.613266767082,5783.000101380429,22912400
2026-04-08,ASII.JK,Astra International,5901.99169921875,5949.588406470514,5735.403223837576,5759.201577463457,28419500
2026-04-09,ASII.JK,Astra International,5878.193359375,5878.193359375,5759.201590966599,5854.39500569332,25785600
2026-04-10,ASII.JK,Astra International,5997.18505859375,6044.781765407986,5901.991644965278,5925.7899983723955,37451300
2026-04-13,ASII.JK,Astra International,5878.193359375,5973.386774101721,5854.39500569332,5973.386774101721,35616700
2026-04-14,ASII.JK,Astra International,5854.39501953125,5973.38678822091,5806.798312055386,5949.588434482977,35499900
2026-04-15,ASII.JK,Astra International,5997.18505859375,6092.378472222223,5925.7899983723955,5949.588351779514,54204700
2026-04-16,ASII.JK,Astra International,5901.99169921875,6068.580174599924,5878.193345592868,6044.781820974043,28237100
2026-04-17,ASII.JK,Astra International,6068.580078125,6163.7734911151965,5949.588311887255,5973.386665134804,25291100
2026-04-20,ASII.JK,Astra International,6044.78173828125,6139.975151482529,5973.3866783802905,6068.58009158157,18307400
2026-04-21,ASII.JK,Astra International,6020.9833984375,6139.97516520504,5997.185045083992,6139.97516520504,25696400
2026-04-22,ASII.JK,Astra International,6282.765625,6306.563979640151,6068.580433238636,6116.177142518939,42250100
2026-04-23,ASII.JK,Astra International,6020.9833984375,6306.563638679595,6020.9833984375,6282.765285326087,31725300
2026-04-24,ASII.JK,Astra International,6020.9833984375,6163.773518558548,5973.386691730484,6092.378458498024,27751700
2026-04-27,ASII.JK,Astra International,5830.5966796875,6068.580217633928,5830.5966796875,6068.580217633928,19496400
2026-04-28,ASII.JK,Astra International,5735.4033203125,5901.991798495851,5735.4033203125,5854.395090443465,36965000
2026-04-29,ASII.JK,Astra International,5759.20166015625,5949.588491896952,5735.403306188662,5830.596722059014,26325800
2026-04-30,ASII.JK,Astra International,5687.806640625,5783.000057204497,5687.806640625,5783.000057204497,47690300
2026-05-04,ASII.JK,Astra International,5783.0,5830.59670781893,5735.403292181069,5759.201646090535,33999000
2026-05-05,ASII.JK,Astra International,5875.0,5950.0,5725.0,5825.0,38038400
2026-05-06,ASII.JK,Astra International,5750.0,5975.0,5750.0,5950.0,27273500
2026-05-07,ASII.JK,Astra International,5850.0,5900.0,5775.0,5800.0,37017100
2026-05-08,ASII.JK,Astra International,5825.0,6000.0,5800.0,5875.0,36425000
2026-05-11,ASII.JK,Astra International,6050.0,6050.0,5825.0,5925.0,26376000
2026-05-12,ASII.JK,Astra International,5850.0,6100.0,5850.0,6050.0,25658100
2026-05-13,ASII.JK,Astra International,5750.0,5900.0,5750.0,5850.0,32026500
2026-05-14,ASII.JK,Astra International,5750.0,5750.0,5750.0,5750.0,0
2026-05-15,ASII.JK,Astra International,5750.0,5750.0,5750.0,5750.0,0
2026-05-18,ASII.JK,Astra International,6000.0,6000.0,5775.0,5825.0,54305300
2026-05-19,ASII.JK,Astra International,5950.0,6050.0,5925.0,6000.0,34901400
2026-05-20,ASII.JK,Astra International,5975.0,6100.0,5900.0,5950.0,37175000
2026-05-21,ASII.JK,Astra International,5600.0,6025.0,5600.0,6000.0,57790800
2026-05-22,ASII.JK,Astra International,5400.0,5650.0,5300.0,5625.0,65064200
2026-05-25,ASII.JK,Astra International,5600.0,5625.0,5325.0,5425.0,92115700
2026-05-26,ASII.JK,Astra International,5125.0,5600.0,5125.0,5575.0,82648100
2026-05-27,ASII.JK,Astra International,5125.0,5125.0,5125.0,5125.0,0
2026-05-28,ASII.JK,Astra International,5125.0,5125.0,5125.0,5125.0,0
2026-05-29,ASII.JK,Astra International,5000.0,5200.0,4800.0,4800.0,481573900
2026-06-02,ASII.JK,Astra International,4900.0,5050.0,4840.0,5000.0,156532600
2026-06-03,ASII.JK,Astra International,4840.0,4920.0,4670.0,4900.0,101108500
2026-06-04,ASII.JK,Astra International,4630.0,4840.0,4570.0,4810.0,160423900
2026-06-05,ASII.JK,Astra International,4570.0,4620.0,4530.0,4600.0,64364700
2026-06-08,ASII.JK,Astra International,4360.0,4550.0,4350.0,4550.0,85460100
2026-06-09,ASII.JK,Astra International,4670.0,4680.0,4360.0,4360.0,84193600
2026-06-10,ASII.JK,Astra International,4700.0,4750.0,4530.0,4650.0,91880000
2026-06-11,ASII.JK,Astra International,4700.0,4950.0,4680.0,4700.0,85205900
2026-06-12,ASII.JK,Astra International,4740.0,4810.0,4720.0,4760.0,66162000
2026-06-15,ASII.JK,Astra International,4890.0,4980.0,4880.0,4900.0,89864300
2026-06-17,ASII.JK,Astra International,4800.0,4910.0,4790.0,4880.0,72821600
2026-06-18,ASII.JK,Astra International,4770.0,4830.0,4710.0,4800.0,60565200
2026-06-19,ASII.JK,Astra International,4810.0,4830.0,4750.0,4770.0,229098200
2026-06-22,ASII.JK,Astra International,4730.0,4880.0,4710.0,4880.0,46627400
2026-06-23,ASII.JK,Astra International,4680.0,4780.0,4650.0,4730.0,57376700
2026-06-24,ASII.JK,Astra International,4640.0,4830.0,4630.0,4830.0,53683100
2026-06-25,ASII.JK,Astra International,4920.0,4950.0,4640.0,4640.0,88497000
2026-06-26,ASII.JK,Astra International,4760.0,4930.0,4710.0,4920.0,64841400
2026-06-29,ASII.JK,Astra International,4710.0,4770.0,4680.0,4770.0,25237300
2026-06-30,ASII.JK,Astra International,4520.0,4720.0,4470.0,4710.0,81706000
2026-07-01,ASII.JK,Astra International,4600.0,4650.0,4500.0,4530.0,30899300
2026-07-02,ASII.JK,Astra International,4580.0,4680.0,4580.0,4620.0,52263400
2026-07-03,ASII.JK,Astra International,4810.0,4830.0,4600.0,4600.0,24908400
2026-07-06,ASII.JK,Astra International,4780.0,4810.0,4690.0,4810.0,31139400
2026-07-07,ASII.JK,Astra International,4930.0,4980.0,4780.0,4790.0,44556600
2026-07-08,ASII.JK,Astra International,4890.0,4980.0,4870.0,4930.0,44811600
2026-07-09,ASII.JK,Astra International,4880.0,4900.0,4760.0,4900.0,43391100
2026-07-10,ASII.JK,Astra International,4810.0,4870.0,4770.0,4850.0,24557100
2026-07-13,ASII.JK,Astra International,4850.0,4860.0,4730.0,4810.0,43780800
2026-07-14,ASII.JK,Astra International,4880.0,4910.0,4810.0,4850.0,50811200
2026-07-15,ASII.JK,Astra International,4850.0,4930.0,4850.0,4880.0,37729500
2026-07-16,ASII.JK,Astra International,5100.0,5150.0,4840.0,4850.0,72624500
2026-07-17,ASII.JK,Astra International,5100.0,5200.0,5025.0,5125.0,65960600
2026-07-20,ASII.JK,Astra International,5050.0,5250.0,5050.0,5125.0,67793400
2026-07-21,ASII.JK,Astra International,5100.0,5150.0,5050.0,5100.0,40894600
2026-07-22,ASII.JK,Astra International,5150.0,5300.0,5100.0,5150.0,93334100
2026-07-23,ASII.JK,Astra International,5000.0,5175.0,5000.0,5150.0,66257200
2026-07-24,ASII.JK,Astra International,4980.0,4980.0,4900.0,4980.0,73314000
2026-07-27,ASII.JK,Astra International,4910.0,4950.0,4900.0,4950.0,21049300
2026-07-28,ASII.JK,Astra International,4970.0,5025.0,4920.0,4920.0,34388400
2026-07-29,ASII.JK,Astra International,4960.0,5025.0,4950.0,5000.0,23808100
2026-07-30,ASII.JK,Astra International,4950.0,4950.0,4870.0,4920.0,33910100
2026-07-31,ASII.JK,Astra International,5100.0,5175.0,5000.0,5000.0,46139800
2026-08-03,ASII.JK,Astra International,5050.0,5275.0,5000.0,5275.0,30943600
2026-08-04,ASII.JK,Astra International,5125.0,5125.0,5000.0,5050.0,39489500
2026-08-05,ASII.JK,Astra International,5025.0,5175.0,5000.0,5150.0,49014700
2026-08-06,ASII.JK,Astra International,5100.0,5125.0,5025.0,5050.0,53209500
2026-08-07,ASII.JK,Astra International,5100.0,5175.0,5025.0,5050.0,34507300
2026-08-10,ASII.JK,Astra International,5000.0,5100.0,4960.0,5100.0,70515600
2026-08-11,ASII.JK,Astra International,4870.0,5025.0,4860.0,5000.0,49228200
2026-08-12,ASII.JK,Astra International,4860.0,4920.0,4810.0,4870.0,62946100
2026-08-13,ASII.JK,Astra International,4800.0,4890.0,4780.0,4880.0,48407300
2026-08-14,ASII.JK,Astra International,4780.0,4820.0,4760.0,4800.0,31883200
2026-08-18,ASII.JK,Astra International,4790.0,4820.0,4760.0,4800.0,59420100
2026-08-19,ASII.JK,Astra International,4730.0,4800.0,4720.0,4790.0,44815500
2026-08-20,ASII.JK,Astra International,4790.0,4790.0,4730.0,4750.0,40700200
2026-08-21,ASII.JK,Astra International,4780.0,4850.0,4780.0,4840.0,48756800
2026-08-24,ASII.JK,Astra International,4790.0,4800.0,4730.0,4800.0,35455200
2026-08-25,ASII.JK,Astra International,4790.0,4790.0,4790.0,4790.0,0
2026-08-26,ASII.JK,Astra International,4780.0,4810.0,4740.0,4800.0,47671400
2026-08-27,ASII.JK,Astra International,4790.0,4810.0,4740.0,4780.0,37802400
2026-08-28,ASII.JK,Astra International,4800.0,4860.0,4760.0,4790.0,53631000
2026-08-31,ASII.JK,Astra International,4800.0,4830.0,4770.0,4800.0,79688700
2026-09-01,ASII.JK,Astra International,4920.0,4930.0,4790.0,4800.0,72626100
2026-09-02,ASII.JK,Astra International,4840.0,4940.0,4830.0,4930.0,46788800
2026-09-03,ASII.JK,Astra International,5050.0,5050.0,4850.0,4860.0,84978900
2026-09-04,ASII.JK,Astra International,4900.0,5050.0,4880.0,5050.0,50573000
2026-09-07,ASII.JK,Astra International,4910.0,4910.0,4770.0,4770.0,41646800
2026-09-08,ASII.JK,Astra International,4930.0,4930.0,4860.0,4900.0,40418500
2026-09-09,ASII.JK,Astra International,4850.0,4920.0,4830.0,4900.0,35658000
2026-09-10,ASII.JK,Astra International,4870.0,4910.0,4850.0,4860.0,36057400
2026-09-11,ASII.JK,Astra International,4910.0,4910.0,4810.0,4870.0,42109400
2026-09-14,ASII.JK,Astra International,4980.0,4990.0,4850.0,4910.0,51166200
2026-09-15,ASII.JK,Astra International,4890.0,4980.0,4890.0,4980.0,30001800
2026-09-16,ASII.JK,Astra International,4850.0,4910.0,4830.0,4910.0,35084600
2026-09-17,ASII.JK,Astra International,4900.0,4920.0,4860.0,4870.0,20770400
2026-09-18,ASII.JK,Astra International,4820.0,4940.0,4820.0,4920.0,63499200
2026-09-21,ASII.JK,Astra International,4820.0,4870.0,4810.0,4830.0,23075000
2026-09-22,ASII.JK,Astra International,4780.0,4880.0,4770.0,4830.0,31702600
2026-09-23,ASII.JK,Astra International,4750.0,4820.0,4750.0,4790.0,45765700
2026-09-24,ASII.JK,Astra International,4770.0,4810.0,4750.0,4770.0,21665700
2026-09-25,ASII.JK,Astra International,4690.0,4790.0,4670.0,4780.0,30912500
2026-09-28,ASII.JK,Astra International,4670.0,4740.0,4650.0,4680.0,25788600
